"host","title","price","link","image","vendor","source_url","type","id","slug"
"aceseeds.org","6 Thai A5 Haze Feminizada","500","https://www.aceseeds.org/semillas/6-thai-a5-haze-feminizada/","","","https://aceseeds.org/wp-json/wc/store/products","wc_store_product","32701","6-thai-a5-haze-feminizada"
"aceseeds.org","A5 Haze x PCK I+D Regular","80","https://www.aceseeds.org/semillas/a5hazexpck-semillas-regulares/","","","https://aceseeds.org/wp-json/wc/store/products","wc_store_product","6531","a5hazexpck-semillas-regulares"
"aceseeds.org","ACE Mix Regular","12.6","https://www.aceseeds.org/semillas/ace-mix-regular-semillas-baratas/","","","https://aceseeds.org/wp-json/wc/store/products","wc_store_product","1629","ace-mix-regular-semillas-baratas"
"aceseeds.org","Afgana Nawa Selección Élite Regular","150","https://www.aceseeds.org/semillas/afgana-nawa-seleccion-elite-semillas-regulares/","","","https://aceseeds.org/wp-json/wc/store/products","wc_store_product","32940","afgana-nawa-seleccion-elite-semillas-regulares"
"aceseeds.org","African Gas Feminizada","15","https://www.aceseeds.org/semillas/african-gas-semillas-feminizadas/","","","https://aceseeds.org/wp-json/wc/store/products","wc_store_product","31675","african-gas-semillas-feminizadas"
"aceseeds.org","Auto Malawi x Northern Lights Feminizada","5.4","https://www.aceseeds.org/semillas/auto-malawi-nl-semillas-feminizadas/","","","https://aceseeds.org/wp-json/wc/store/products","wc_store_product","3270","auto-malawi-nl-semillas-feminizadas"
"aceseeds.org","Bangi Haze Regular","21","https://www.aceseeds.org/semillas/bangi-haze-semillas-regulares/","","","https://aceseeds.org/wp-json/wc/store/products","wc_store_product","1659","bangi-haze-semillas-regulares"
"aceseeds.org","Bangi Haze x ErdPurt I+D Regular","50","https://www.aceseeds.org/semillas/bangihazexerdpurt-regular/","","","https://aceseeds.org/wp-json/wc/store/products","wc_store_product","6341","bangihazexerdpurt-regular"
"aceseeds.org","Black Mango Regular","55","https://www.aceseeds.org/semillas/black-mango-semillas-regulares/","","","https://aceseeds.org/wp-json/wc/store/products","wc_store_product","34109","black-mango-semillas-regulares"
"aceseeds.org","Bubba Kush x PCK Regular","21","https://www.aceseeds.org/semillas/bubba-kushxpck-semillas-regulares/","","","https://aceseeds.org/wp-json/wc/store/products","wc_store_product","6814","bubba-kushxpck-semillas-regulares"
"aceseeds.org","CBD # 1 x Panama I+D Feminizada","65","https://www.aceseeds.org/semillas/cbd1xpanama-semillas-feminizadas/","","","https://aceseeds.org/wp-json/wc/store/products","wc_store_product","6513","cbd1xpanama-semillas-feminizadas"
"aceseeds.org","CBD # 5 x ErdPurt I+D Regular","65","https://www.aceseeds.org/semillas/cbd5xerdpurt-semillas-regulares/","","","https://aceseeds.org/wp-json/wc/store/products","wc_store_product","6347","cbd5xerdpurt-semillas-regulares"
"aceseeds.org","China Yunnan Regular","21","https://www.aceseeds.org/semillas/china-yunnan-semillas-regulares/","","","https://aceseeds.org/wp-json/wc/store/products","wc_store_product","25840","china-yunnan-semillas-regulares"
"aceseeds.org","Congo Feminizada","15","https://www.aceseeds.org/semillas/congo-semillas-feminizadas/","","","https://aceseeds.org/wp-json/wc/store/products","wc_store_product","199","congo-semillas-feminizadas"
"aceseeds.org","Congo Regular","21","https://www.aceseeds.org/semillas/congo-semillas-regulares/","","","https://aceseeds.org/wp-json/wc/store/products","wc_store_product","1719","congo-semillas-regulares"
"aceseeds.org","ErdPurt x Panama I+D Feminizada","50","https://www.aceseeds.org/semillas/erdpurtxpanama-semillas-feminizadas/","","","https://aceseeds.org/wp-json/wc/store/products","wc_store_product","6243","erdpurtxpanama-semillas-feminizadas"
"aceseeds.org","Etíope Regular","21","https://www.aceseeds.org/semillas/etiopia-semillas-regulares/","","","https://aceseeds.org/wp-json/wc/store/products","wc_store_product","26556","etiopia-semillas-regulares"
"aceseeds.org","Foitong Regular","55","https://www.aceseeds.org/semillas/foitong-semillas-regulares/","","","https://aceseeds.org/wp-json/wc/store/products","wc_store_product","34113","foitong-semillas-regulares"
"aceseeds.org","Frosty’s Purple Freak Feminizada","98","https://www.aceseeds.org/semillas/frostys_purple_freak_semillas_feminizadas/","","","https://aceseeds.org/wp-json/wc/store/products","wc_store_product","29431","frostys_purple_freak_semillas_feminizadas"
"aceseeds.org","Golden Tiger Feminizada","9","https://www.aceseeds.org/semillas/golden-tiger-semillas-feminizadas/","","","https://aceseeds.org/wp-json/wc/store/products","wc_store_product","25939","golden-tiger-semillas-feminizadas"
"aceseeds.org","Golden Tiger Regular","21","https://www.aceseeds.org/semillas/golden-tiger-semillas-regulares/","","","https://aceseeds.org/wp-json/wc/store/products","wc_store_product","2025","golden-tiger-semillas-regulares"
"aceseeds.org","Green Haze #19 x Zamaldelica I+D Regular","50","https://www.aceseeds.org/semillas/greenhazexzamaldelica-semillas-regulares/","","","https://aceseeds.org/wp-json/wc/store/products","wc_store_product","6315","greenhazexzamaldelica-semillas-regulares"
"aceseeds.org","Hangkrarok Cola Gorda Regular","30","https://www.aceseeds.org/semillas/hangkrarok-cola-gorda-semillas-regulares/","","","https://aceseeds.org/wp-json/wc/store/products","wc_store_product","34196","hangkrarok-cola-gorda-semillas-regulares"
"aceseeds.org","Hangkrarok Manao Regular","55","https://www.aceseeds.org/semillas/hangkrarok-manao-semillas-regulares/","","","https://aceseeds.org/wp-json/wc/store/products","wc_store_product","34147","hangkrarok-manao-semillas-regulares"
"aceseeds.org","HashPlant Haze x Malawi I+D Regular","65","https://www.aceseeds.org/semillas/hashplanthazexmalawi-semillas-regulares/","","","https://aceseeds.org/wp-json/wc/store/products","wc_store_product","6267","hashplanthazexmalawi-semillas-regulares"
"aceseeds.org","HashTonic Regular","39","https://www.aceseeds.org/semillas/hashtonic-semillas-regulares/","","","https://aceseeds.org/wp-json/wc/store/products","wc_store_product","6371","hashtonic-semillas-regulares"
"aceseeds.org","Haze X Kali China Feminizada","9","https://www.aceseeds.org/semillas/hazexkalichina-semillas-feminizadas/","","","https://aceseeds.org/wp-json/wc/store/products","wc_store_product","353","hazexkalichina-semillas-feminizadas"
"aceseeds.org","Hokkaido Japón Regular","26","https://www.aceseeds.org/semillas/hokkaido-japon-semillas-regulares/","","","https://aceseeds.org/wp-json/wc/store/products","wc_store_product","3995","hokkaido-japon-semillas-regulares"
"aceseeds.org","Honduras x A5 Haze I+D Feminizada","50","https://www.aceseeds.org/semillas/hondurasxa5haze-feminized-seeds/","","","https://aceseeds.org/wp-json/wc/store/products","wc_store_product","6291","hondurasxa5haze-feminized-seeds"
"aceseeds.org","Juanita x ErdPurt I+D Regular","65","https://www.aceseeds.org/semillas/juanitaxerdpurt-semillas-regulares/","","","https://aceseeds.org/wp-json/wc/store/products","wc_store_product","6377","juanitaxerdpurt-semillas-regulares"
"aceseeds.org","Kali China Feminizada","9","https://www.aceseeds.org/semillas/kali-china-semillas-feminizadas/","","","https://aceseeds.org/wp-json/wc/store/products","wc_store_product","25952","kali-china-semillas-feminizadas"
"aceseeds.org","Kalidonia Feminizada","50","https://www.aceseeds.org/semillas/kalidonia-semillas-feminizadas/","","","https://aceseeds.org/wp-json/wc/store/products","wc_store_product","31409","kalidonia-semillas-feminizadas"
"aceseeds.org","Kullu Regular","39.5","https://www.aceseeds.org/semillas/kullu-semillas-regulares/","","","https://aceseeds.org/wp-json/wc/store/products","wc_store_product","4504","kullu-semillas-regulares"
"aceseeds.org","Malawi Regular","27","https://www.aceseeds.org/semillas/malawi-semillas-regulares/","","","https://aceseeds.org/wp-json/wc/store/products","wc_store_product","1807","malawi-semillas-regulares"
"aceseeds.org","Malawi / PCK #47 morada x ErdPurt I+D Regular","50","https://www.aceseeds.org/semillas/malawipckxerdpurt-semillas-regulares/","","","https://aceseeds.org/wp-json/wc/store/products","wc_store_product","6401","malawipckxerdpurt-semillas-regulares"
"aceseeds.org","Malawi / PCK #47 morada x Nueva Malawi asesina I+D Feminizada","50","https://www.aceseeds.org/semillas/malawipckxnewmalawikiller-fem/","","","https://aceseeds.org/wp-json/wc/store/products","wc_store_product","6573","malawipckxnewmalawikiller-fem"
"aceseeds.org","Malawi x Panamá Regular","21","https://www.aceseeds.org/semillas/malawixpanama-semillas-regulares/","","","https://aceseeds.org/wp-json/wc/store/products","wc_store_product","3887","malawixpanama-semillas-regulares"
"aceseeds.org","Marruecos Beldia Kif Feminizada","6.6","https://www.aceseeds.org/semillas/marruecos-beldia-kif-semillas-feminizadas/","","","https://aceseeds.org/wp-json/wc/store/products","wc_store_product","5008","marruecos-beldia-kif-semillas-feminizadas"
"aceseeds.org","Marruecos Beldia Kif Regular","15.6","https://www.aceseeds.org/semillas/marruecos-beldia-kif-semillas-regulares/","","","https://aceseeds.org/wp-json/wc/store/products","wc_store_product","4927","marruecos-beldia-kif-semillas-regulares"
"aceseeds.org","Marruecos x Líbano F1 I+D Regular","40","https://www.aceseeds.org/semillas/marruecosbeldiaf1-semillas-regulares/","","","https://aceseeds.org/wp-json/wc/store/products","wc_store_product","6543","marruecosbeldiaf1-semillas-regulares"
"aceseeds.org","Mastuj Chitral Albaricoque Morado Regular","150","https://www.aceseeds.org/semillas/mastuj-chitral-albaricoque-morado-semillas-regulares/","","","https://aceseeds.org/wp-json/wc/store/products","wc_store_product","32913","mastuj-chitral-albaricoque-morado-semillas-regulares"
"aceseeds.org","Nepal Annapurna Regular","15.6","https://www.aceseeds.org/semillas/nepal-annapurna-semillas-regulares/","","","https://aceseeds.org/wp-json/wc/store/products","wc_store_product","5537","nepal-annapurna-semillas-regulares"
"aceseeds.org","Nepal Jam Regular","21","https://www.aceseeds.org/semillas/nepal-jam-semillas-regulares/","","","https://aceseeds.org/wp-json/wc/store/products","wc_store_product","1987","nepal-jam-semillas-regulares"
"aceseeds.org","Nepal Mist Regular","30","https://www.aceseeds.org/semillas/nepal-mist-semillas-regulares/","","","https://aceseeds.org/wp-json/wc/store/products","wc_store_product","5398","nepal-mist-semillas-regulares"
"aceseeds.org","Oaxaca A5 Haze feminizada","9","https://www.aceseeds.org/semillas/oaxaca-x-a5-haze-semillas-feminizadas/","","","https://aceseeds.org/wp-json/wc/store/products","wc_store_product","28898","oaxaca-x-a5-haze-semillas-feminizadas"
"aceseeds.org","Oldtimer’s Haze Regular","45","https://www.aceseeds.org/semillas/oldtimers-haze-semillas-regulares/","","","https://aceseeds.org/wp-json/wc/store/products","wc_store_product","1081","oldtimers-haze-semillas-regulares"
"aceseeds.org","6 Orient Express Feminizada","500","https://www.aceseeds.org/semillas/orient-express-feminizada-copia/","","","https://aceseeds.org/wp-json/wc/store/products","wc_store_product","31610","orient-express-feminizada-copia"
"aceseeds.org","Pakistan Chitral Kush Regular","27","https://www.aceseeds.org/semillas/pakistan-chitral-kush-semillas-regulares/","","","https://aceseeds.org/wp-json/wc/store/products","wc_store_product","2101","pakistan-chitral-kush-semillas-regulares"
"aceseeds.org","Panama x Bangi Haze Feminizada","9","https://www.aceseeds.org/semillas/panama-bangi-haze-semillas-feminizadas/","","","https://aceseeds.org/wp-json/wc/store/products","wc_store_product","3074","panama-bangi-haze-semillas-feminizadas"
"aceseeds.org","Panama Haze Feminizada","9","https://www.aceseeds.org/semillas/panama-haze-semillas-feminizadas/","","","https://aceseeds.org/wp-json/wc/store/products","wc_store_product","730","panama-haze-semillas-feminizadas"
"aceseeds.org","Panama Feminizada","9","https://www.aceseeds.org/semillas/panama-semillas-feminizadas/","","","https://aceseeds.org/wp-json/wc/store/products","wc_store_product","662","panama-semillas-feminizadas"
"aceseeds.org","Panama x Malawi Feminizada","39","https://www.aceseeds.org/semillas/panamaxmalawi-semillas-feminizadas/","","","https://aceseeds.org/wp-json/wc/store/products","wc_store_product","2952","panamaxmalawi-semillas-feminizadas"
"aceseeds.org","6 Purple Haze x Malawi Feminizada","500","https://www.aceseeds.org/semillas/purple-haze-x-malawi-feminizada-copia/","","","https://aceseeds.org/wp-json/wc/store/products","wc_store_product","31624","purple-haze-x-malawi-feminizada-copia"
"aceseeds.org","Purple Haze x Malawi Regular","21","https://www.aceseeds.org/semillas/purple-hazexmalawi-semillas-regulares/","","","https://aceseeds.org/wp-json/wc/store/products","wc_store_product","2676","purple-hazexmalawi-semillas-regulares"
"aceseeds.org","Baluchistán Quetta Selección Morada #1 Regular","150","https://www.aceseeds.org/semillas/quetta-seleccion-morada1-semillas-regulares/","","","https://aceseeds.org/wp-json/wc/store/products","wc_store_product","6823","quetta-seleccion-morada1-semillas-regulares"
"aceseeds.org","Rasol Regular","32.5","https://www.aceseeds.org/semillas/rasol-semillas-regulares/","","","https://aceseeds.org/wp-json/wc/store/products","wc_store_product","4484","rasol-semillas-regulares"
"aceseeds.org","Romulan «BX1» Regular","150","https://www.aceseeds.org/semillas/romulan-bx1-semillas-regulares/","","","https://aceseeds.org/wp-json/wc/store/products","wc_store_product","25882","romulan-bx1-semillas-regulares"
"aceseeds.org","Rudra Solvent Feminizada","80","https://www.aceseeds.org/semillas/rudra-solvent-semillas-feminizadas/","","","https://aceseeds.org/wp-json/wc/store/products","wc_store_product","31504","rudra-solvent-semillas-feminizadas"
"aceseeds.org","Rush of Siam Feminizada","100","https://www.aceseeds.org/semillas/rush-of-siam-semillas-feminizadas/","","","https://aceseeds.org/wp-json/wc/store/products","wc_store_product","31436","rush-of-siam-semillas-feminizadas"
"aceseeds.org","Super Malawi Haze Feminizada","9","https://www.aceseeds.org/semillas/super-malawi-haze-semillas-feminizadas/","","","https://aceseeds.org/wp-json/wc/store/products","wc_store_product","26013","super-malawi-haze-semillas-feminizadas"
"aceseeds.org","Thai A5 Haze Feminizada","48","https://www.aceseeds.org/semillas/thai-a5-haze-semillas-feminizadas/","","","https://aceseeds.org/wp-json/wc/store/products","wc_store_product","25995","thai-a5-haze-semillas-feminizadas"
"aceseeds.org","Thai x Bangi Haze I+D Feminizada","65","https://www.aceseeds.org/semillas/thaixbangihaze-semillas-feminizadas/","","","https://aceseeds.org/wp-json/wc/store/products","wc_store_product","6585","thaixbangihaze-semillas-feminizadas"
"aceseeds.org","Yarkhun Valley Regular","150","https://www.aceseeds.org/semillas/yarkhun-valley-semillas-regulares/","","","https://aceseeds.org/wp-json/wc/store/products","wc_store_product","32931","yarkhun-valley-semillas-regulares"
"aceseeds.org","12 Zamaldelica Regular","500","https://www.aceseeds.org/semillas/zamaldelica-regular-copia/","","","https://aceseeds.org/wp-json/wc/store/products","wc_store_product","31585","zamaldelica-regular-copia"
"aceseeds.org","Zamaldelica x Kali China Feminizada","9","https://www.aceseeds.org/semillas/zamaldelica-x-kali-china-semillas-feminizadas/","","","https://aceseeds.org/wp-json/wc/store/products","wc_store_product","3804","zamaldelica-x-kali-china-semillas-feminizadas"
"aceseeds.org","Zamal morada x A5 Haze I+D Feminizada","65","https://www.aceseeds.org/semillas/zamalmoradaxa5haze-semillas-feminizadas/","","","https://aceseeds.org/wp-json/wc/store/products","wc_store_product","6309","zamalmoradaxa5haze-semillas-feminizadas"
"aceseeds.org","Zamal morada x Bangi Haze I+D Feminizada","65","https://www.aceseeds.org/semillas/zamalmoradaxbangihaze_semillas_feminizadas/","","","https://aceseeds.org/wp-json/wc/store/products","wc_store_product","6579","zamalmoradaxbangihaze_semillas_feminizadas"
"aceseeds.org","Zamal morada x ErdPurt I+D Regular","50","https://www.aceseeds.org/semillas/zamalmoradaxerdpurt-semillas-regulares/","","","https://aceseeds.org/wp-json/wc/store/products","wc_store_product","6413","zamalmoradaxerdpurt-semillas-regulares"
"blimburnseeds.com","Apple Fritter Autoflower HMC Edition","42","https://blimburnseeds.com/apple-fritter-autoflower-hmc-edition/","","","https://blimburnseeds.com/wp-json/wc/store/products","wc_store_product","388810","apple-fritter-autoflower-hmc-edition"
"blimburnseeds.com","Blackberry Moonrocks Auto HMC Edition","42","https://blimburnseeds.com/blackberry-moonrocks-auto-hmc-edition/","","","https://blimburnseeds.com/wp-json/wc/store/products","wc_store_product","388554","blackberry-moonrocks-auto-hmc-edition"
"blimburnseeds.com","Blackberry Moonstones Auto","17.5","https://blimburnseeds.com/blackberry-moonstones-auto/","","","https://blimburnseeds.com/wp-json/wc/store/products","wc_store_product","227002","blackberry-moonstones-auto"
"blimburnseeds.com","Cafe Racer Autoflower","19.5","https://blimburnseeds.com/cafe-racer-autoflower/","","","https://blimburnseeds.com/wp-json/wc/store/products","wc_store_product","296639","cafe-racer-autoflower"
"blimburnseeds.com","Dark Devil Auto","17.5","https://blimburnseeds.com/dark-devil-auto/","","","https://blimburnseeds.com/wp-json/wc/store/products","wc_store_product","264710","dark-devil-auto"
"blimburnseeds.com","Durban Poison Autoflower HMC Edition","42","https://blimburnseeds.com/durban-poison-autoflower-hmc-edition/","","","https://blimburnseeds.com/wp-json/wc/store/products","wc_store_product","388919","durban-poison-autoflower-hmc-edition"
"blimburnseeds.com","F1 AUTO","72","https://blimburnseeds.com/f1-auto-next-gen-autoflowers/","","","https://blimburnseeds.com/wp-json/wc/store/products","wc_store_product","393662","f1-auto-next-gen-autoflowers"
"blimburnseeds.com","Fast Bud Auto","17.5","https://blimburnseeds.com/fast-bud-auto/","","","https://blimburnseeds.com/wp-json/wc/store/products","wc_store_product","264691","fast-bud-auto"
"blimburnseeds.com","Fat Bastard Auto HMC Edition","42","https://blimburnseeds.com/fat-bastard-auto-hmc/","","","https://blimburnseeds.com/wp-json/wc/store/products","wc_store_product","388505","fat-bastard-auto-hmc"
"blimburnseeds.com","Gelato X Purple Punch Auto","17.5","https://blimburnseeds.com/gelato-x-purple-punch-auto/","","","https://blimburnseeds.com/wp-json/wc/store/products","wc_store_product","525857","gelato-x-purple-punch-auto"
"blimburnseeds.com","Ghost Train Haze HMC Edition","42","https://blimburnseeds.com/ghost-train-haze-hmc/","","","https://blimburnseeds.com/wp-json/wc/store/products","wc_store_product","388677","ghost-train-haze-hmc"
"blimburnseeds.com","Glookies Autoflower HMC Edition","42","https://blimburnseeds.com/glookies-autoflower-hmc/","","","https://blimburnseeds.com/wp-json/wc/store/products","wc_store_product","388884","glookies-autoflower-hmc"
"blimburnseeds.com","Godfather OG Auto HMC Edition","42","https://blimburnseeds.com/godfather-og-auto-hmc/","","","https://blimburnseeds.com/wp-json/wc/store/products","wc_store_product","388573","godfather-og-auto-hmc"
"blimburnseeds.com","Gorilla Punch Auto","17.5","https://blimburnseeds.com/gorilla-punch-auto/","","","https://blimburnseeds.com/wp-json/wc/store/products","wc_store_product","267624","gorilla-punch-auto"
"blimburnseeds.com","Haze Collection","46","https://blimburnseeds.com/haze-collection-psychedelic-power/","","","https://blimburnseeds.com/wp-json/wc/store/products","wc_store_product","393744","haze-collection-psychedelic-power"
"blimburnseeds.com","High THC Selection Auto","46","https://blimburnseeds.com/high-thc-selection-auto/","","","https://blimburnseeds.com/wp-json/wc/store/products","wc_store_product","375887","high-thc-selection-auto"
"blimburnseeds.com","High Yield Selection Auto","46","https://blimburnseeds.com/high-yield-selection-auto/","","","https://blimburnseeds.com/wp-json/wc/store/products","wc_store_product","375891","high-yield-selection-auto"
"blimburnseeds.com","Lemon Tree x Channel Kush","17.5","https://blimburnseeds.com/lemon-tree-x-channel-kush/","","","https://blimburnseeds.com/wp-json/wc/store/products","wc_store_product","269621","lemon-tree-x-channel-kush"
"blimburnseeds.com","OG 18 Kush Cannabis Extraction","90","https://blimburnseeds.com/og-18-kush-cannabis-extraction/","","","https://blimburnseeds.com/wp-json/wc/store/products","wc_store_product","297058","og-18-kush-cannabis-extraction"
"blimburnseeds.com","Oh My Thai Auto","60","https://blimburnseeds.com/oh-my-thai-auto/","","","https://blimburnseeds.com/wp-json/wc/store/products","wc_store_product","517955","oh-my-thai-auto"
"blimburnseeds.com","Permanent Marker Auto HMC Edition","42","https://blimburnseeds.com/permanent-marker-auto-hmc/","","","https://blimburnseeds.com/wp-json/wc/store/products","wc_store_product","388593","permanent-marker-auto-hmc"
"blimburnseeds.com","Pineapple Diesel Auto","60","https://blimburnseeds.com/pineapple-diesel-auto/","","","https://blimburnseeds.com/wp-json/wc/store/products","wc_store_product","517991","pineapple-diesel-auto"
"blimburnseeds.com","Red Poison Auto","17.5","https://blimburnseeds.com/red-poison-auto/","","","https://blimburnseeds.com/wp-json/wc/store/products","wc_store_product","267635","red-poison-auto"
"blimburnseeds.com","Red Strawberry Banana Auto","17.5","https://blimburnseeds.com/red-strawberry-banana-auto/","","","https://blimburnseeds.com/wp-json/wc/store/products","wc_store_product","267666","red-strawberry-banana-auto"
"blimburnseeds.com","Santa Marta Haze Auto","17.5","https://blimburnseeds.com/santa-marta-haze-auto/","","","https://blimburnseeds.com/wp-json/wc/store/products","wc_store_product","266708","santa-marta-haze-auto"
"blimburnseeds.com","Sativa Elite Fem","46","https://blimburnseeds.com/sativa-elite-fem/","","","https://blimburnseeds.com/wp-json/wc/store/products","wc_store_product","375900","sativa-elite-fem"
"blimburnseeds.com","Scrambler Haze – 1 seed","19.5","https://blimburnseeds.com/scrambler-haze-1-seed/","","","https://blimburnseeds.com/wp-json/wc/store/products","wc_store_product","241958","scrambler-haze-1-seed"
"blimburnseeds.com","Shortcut Auto","60","https://blimburnseeds.com/shortcut-auto/","","","https://blimburnseeds.com/wp-json/wc/store/products","wc_store_product","518004","shortcut-auto"
"blimburnseeds.com","Super Boof Auto","17.5","https://blimburnseeds.com/super-boof-auto/","","","https://blimburnseeds.com/wp-json/wc/store/products","wc_store_product","365652","super-boof-auto"
"bulkseedbank.org","AUTO AMNESIA HAZE","17.5","https://bulkseedbank.org/cannabis-seeds/autoflowering-seeds/auto-amnesia-haze-2/","","","https://bulkseedbank.org/wp-json/wc/store/products","wc_store_product","2876","auto-amnesia-haze-2"
"bulkseedbank.org","AUTO AMNESIA PLATINUM","17.5","https://bulkseedbank.org/cannabis-seeds/autoflowering-seeds/auto-amnesia-platinum-2/","","","https://bulkseedbank.org/wp-json/wc/store/products","wc_store_product","2882","auto-amnesia-platinum-2"
"bulkseedbank.org","AUTO BLUEBERRY BERRY","17.5","https://bulkseedbank.org/cannabis-seeds/autoflowering-seeds/auto-blueberry-berry-2/","","","https://bulkseedbank.org/wp-json/wc/store/products","wc_store_product","2899","auto-blueberry-berry-2"
"bulkseedbank.org","AUTO CHRONICAL","17.5","https://bulkseedbank.org/cannabis-seeds/autoflowering-seeds/auto-chronical-2/","","","https://bulkseedbank.org/wp-json/wc/store/products","wc_store_product","2941","auto-chronical-2"
"bulkseedbank.org","AUTO COCOPOPO","17.5","https://bulkseedbank.org/cannabis-seeds/autoflowering-seeds/auto-cocopopo-2/","","","https://bulkseedbank.org/wp-json/wc/store/products","wc_store_product","2911","auto-cocopopo-2"
"bulkseedbank.org","AUTO CRITICAL","17.5","https://bulkseedbank.org/cannabis-seeds/autoflowering-seeds/auto-critical-2/","","","https://bulkseedbank.org/wp-json/wc/store/products","wc_store_product","2929","auto-critical-2"
"bulkseedbank.org","AUTO EAST RYDER","17.5","https://bulkseedbank.org/cannabis-seeds/autoflowering-seeds/auto-east-ryder-2/","","","https://bulkseedbank.org/wp-json/wc/store/products","wc_store_product","2959","auto-east-ryder-2"
"bulkseedbank.org","AUTO EXTRA MINTZ","17.5","https://bulkseedbank.org/cannabis-seeds/autoflowering-seeds/auto-extra-mintz-2/","","","https://bulkseedbank.org/wp-json/wc/store/products","wc_store_product","28057","auto-extra-mintz-2"
"bulkseedbank.org","AUTO GELATO SAMBA","17.5","https://bulkseedbank.org/cannabis-seeds/autoflowering-seeds/auto-gelato-samba-2/","","","https://bulkseedbank.org/wp-json/wc/store/products","wc_store_product","16626","auto-gelato-samba-2"
"bulkseedbank.org","AUTO GOOD WILD SHARK","17.5","https://bulkseedbank.org/cannabis-seeds/autoflowering-seeds/auto-good-wild-shark-2/","","","https://bulkseedbank.org/wp-json/wc/store/products","wc_store_product","2977","auto-good-wild-shark-2"
"bulkseedbank.org","AUTO HINDU KUSH","17.5","https://bulkseedbank.org/cannabis-seeds/autoflowering-seeds/auto-hindu-kush-2/","","","https://bulkseedbank.org/wp-json/wc/store/products","wc_store_product","2965","auto-hindu-kush-2"
"bulkseedbank.org","AUTO LOVERYDER","17.5","https://bulkseedbank.org/cannabis-seeds/autoflowering-seeds/auto-loveryder-2/","","","https://bulkseedbank.org/wp-json/wc/store/products","wc_store_product","2995","auto-loveryder-2"
"bulkseedbank.org","AUTO MIMOSA FAMOSA","17.5","https://bulkseedbank.org/cannabis-seeds/autoflowering-seeds/auto-mimosa-famosa-2/","","","https://bulkseedbank.org/wp-json/wc/store/products","wc_store_product","27966","auto-mimosa-famosa-2"
"bulkseedbank.org","AUTO NBA DIESEL","17.5","https://bulkseedbank.org/cannabis-seeds/autoflowering-seeds/auto-nba-diesel-2/","","","https://bulkseedbank.org/wp-json/wc/store/products","wc_store_product","3025","auto-nba-diesel-2"
"bulkseedbank.org","AUTO PURPLE GLAM KUSH","17.5","https://bulkseedbank.org/cannabis-seeds/autoflowering-seeds/auto-purple-glam-kush-2/","","","https://bulkseedbank.org/wp-json/wc/store/products","wc_store_product","3037","auto-purple-glam-kush-2"
"bulkseedbank.org","AUTO SPECIAL SKUNK","17.5","https://bulkseedbank.org/cannabis-seeds/autoflowering-seeds/auto-special-skunk-2/","","","https://bulkseedbank.org/wp-json/wc/store/products","wc_store_product","3061","auto-special-skunk-2"
"bulkseedbank.org","AUTO SUNMANGO","17.5","https://bulkseedbank.org/cannabis-seeds/autoflowering-seeds/auto-sunmango-2/","","","https://bulkseedbank.org/wp-json/wc/store/products","wc_store_product","3073","auto-sunmango-2"
"bulkseedbank.org","AUTO TROPICAL COCONUT","17.5","https://bulkseedbank.org/cannabis-seeds/autoflowering-seeds/auto-tropical-coconut-2/","","","https://bulkseedbank.org/wp-json/wc/store/products","wc_store_product","28044","auto-tropical-coconut-2"
"bulkseedbank.org","AUTO WHITE PRUSSIAN","17.5","https://bulkseedbank.org/cannabis-seeds/autoflowering-seeds/auto-white-prussian-2/","","","https://bulkseedbank.org/wp-json/wc/store/products","wc_store_product","3067","auto-white-prussian-2"
"bulkseedbank.org","AUTO WHITE WIDOW","17.5","https://bulkseedbank.org/cannabis-seeds/autoflowering-seeds/auto-white-widow-2/","","","https://bulkseedbank.org/wp-json/wc/store/products","wc_store_product","3079","auto-white-widow-2"
"bulkseedbank.org","AUTO WILD DWARF","17.5","https://bulkseedbank.org/cannabis-seeds/autoflowering-seeds/auto-wild-dwarf-2/","","","https://bulkseedbank.org/wp-json/wc/store/products","wc_store_product","3055","auto-wild-dwarf-2"
"bulkseedbank.org","AUTO ZKITTLY ZI ZI","17.5","https://bulkseedbank.org/cannabis-seeds/autoflowering-seeds/auto-zkittly-zi-zi-2/","","","https://bulkseedbank.org/wp-json/wc/store/products","wc_store_product","16713","auto-zkittly-zi-zi-2"
"bulkseedbank.org","CBD INDICA KING","17.5","https://bulkseedbank.org/cannabis-seeds/cbd-seeds/cbd-indica-king/","","","https://bulkseedbank.org/wp-json/wc/store/products","wc_store_product","28122","cbd-indica-king"
"bulkseedbank.org","CBD SATIVA KING","17.5","https://bulkseedbank.org/cannabis-seeds/cbd-seeds/cbd-sativa-king/","","","https://bulkseedbank.org/wp-json/wc/store/products","wc_store_product","28083","cbd-sativa-king"
"bulkseedbank.org","AMNESIA HAZE","17.5","https://bulkseedbank.org/cannabis-seeds/feminised-seeds/amnesia-haze-2/","","","https://bulkseedbank.org/wp-json/wc/store/products","wc_store_product","3109","amnesia-haze-2"
"bulkseedbank.org","MASTER KUSH GRAND","17.5","https://bulkseedbank.org/cannabis-seeds/feminised-seeds/master-kush-grand-2/","","","https://bulkseedbank.org/wp-json/wc/store/products","wc_store_product","3271","master-kush-grand-2"
"bulkseedbank.org","NEW’S HAZE","17.5","https://bulkseedbank.org/cannabis-seeds/feminised-seeds/news-haze-2/","","","https://bulkseedbank.org/wp-json/wc/store/products","wc_store_product","3295","news-haze-2"
"bulkseedbank.org","SPECIAL LIME HAZE","17.5","https://bulkseedbank.org/cannabis-seeds/feminised-seeds/special-lime-haze-2/","","","https://bulkseedbank.org/wp-json/wc/store/products","wc_store_product","3361","special-lime-haze-2"
"dnagenetics.com","Auto bahn Cannabis Seeds","80.12","https://dnagenetics.com/product/auto-bahn/","","","https://dnagenetics.com/wp-json/wc/store/products","wc_store_product","383","auto-bahn"
"dnagenetics.com","Blue Dream Feminized  Cannabis Seeds","80.12","https://dnagenetics.com/product/blue-dream-feminized/","","","https://dnagenetics.com/wp-json/wc/store/products","wc_store_product","8598","blue-dream-feminized"
"dnagenetics.com","Bruised Bananas Cannabis Seeds","80.12","https://dnagenetics.com/product/bruised-bananas/","","","https://dnagenetics.com/wp-json/wc/store/products","wc_store_product","430","bruised-bananas"
"dnagenetics.com","Cataract Cake Feminized Cannabis Seeds","80.12","https://dnagenetics.com/product/cataract-cake-feminized-cannabis-seeds/","","","https://dnagenetics.com/wp-json/wc/store/products","wc_store_product","58909","cataract-cake-feminized-cannabis-seeds"
"dnagenetics.com","Challah Cake Cannabis Seeds","79.96","https://dnagenetics.com/product/challah-cake/","","","https://dnagenetics.com/wp-json/wc/store/products","wc_store_product","587","challah-cake"
"dnagenetics.com","Chocolate Truffle Shuffle Fem Cannabis Seeds","80.12","https://dnagenetics.com/product/chocolate-truffle-shuffle-fem/","","","https://dnagenetics.com/wp-json/wc/store/products","wc_store_product","304","chocolate-truffle-shuffle-fem"
"dnagenetics.com","Chocolope 256 Reg Cannabis Seeds","80.14","https://dnagenetics.com/product/chocolope-256-reg/","","","https://dnagenetics.com/wp-json/wc/store/products","wc_store_product","306","chocolope-256-reg"
"dnagenetics.com","Chocolope Kush Reg Cannabis Seeds","80.12","https://dnagenetics.com/product/chocolope-kush-reg/","","","https://dnagenetics.com/wp-json/wc/store/products","wc_store_product","375","chocolope-kush-reg"
"dnagenetics.com","DNA Auto Mix Pack Cannabis Seeds","45","https://dnagenetics.com/product/dna-auto-mix-pack-cannabis-seeds/","","","https://dnagenetics.com/wp-json/wc/store/products","wc_store_product","58944","dna-auto-mix-pack-cannabis-seeds"
"dnagenetics.com","DNA Cake Auto Cannabis Seeds","45","https://dnagenetics.com/product/dna-cake-auto/","","","https://dnagenetics.com/wp-json/wc/store/products","wc_store_product","2748","dna-cake-auto"
"dnagenetics.com","DNA Cake Fem Cannabis Seeds","79.97","https://dnagenetics.com/product/dna-cake-fem/","","","https://dnagenetics.com/wp-json/wc/store/products","wc_store_product","376","dna-cake-fem"
"dnagenetics.com","DNA Mix Pack Cannabis Seeds","80.12","https://dnagenetics.com/product/dna-mix-pack/","","","https://dnagenetics.com/wp-json/wc/store/products","wc_store_product","29548","dna-mix-pack"
"dnagenetics.com","Elons-X Reg Cannabis Seeds","80.06","https://dnagenetics.com/product/elons-x-reg/","","","https://dnagenetics.com/wp-json/wc/store/products","wc_store_product","408","elons-x-reg"
"dnagenetics.com","Gelato Sorbet Fem Cannabis Seeds","45","https://dnagenetics.com/product/gelato-sorbet/","","","https://dnagenetics.com/wp-json/wc/store/products","wc_store_product","29553","gelato-sorbet"
"dnagenetics.com","Golden Fortunes Reg Cannabis Seeds","63.92","https://dnagenetics.com/product/golden-fortunes-reg/","","","https://dnagenetics.com/wp-json/wc/store/products","wc_store_product","585","golden-fortunes-reg"
"dnagenetics.com","GG4 Fem Cannabis Seeds","79.96","https://dnagenetics.com/product/gorilla-glue-4-feminized/","","","https://dnagenetics.com/wp-json/wc/store/products","wc_store_product","8593","gorilla-glue-4-feminized"
"dnagenetics.com","Green Crack Fem Cannabis Seeds","80.12","https://dnagenetics.com/product/green-crack-feminized/","","","https://dnagenetics.com/wp-json/wc/store/products","wc_store_product","8588","green-crack-feminized"
"dnagenetics.com","Kosher Dawg Cannabis Seeds","80.12","https://dnagenetics.com/product/kosher-dawg/","","","https://dnagenetics.com/wp-json/wc/store/products","wc_store_product","29558","kosher-dawg"
"dnagenetics.com","Kosher Pie Cannabis Seeds","79.99","https://dnagenetics.com/product/kosher-pie/","","","https://dnagenetics.com/wp-json/wc/store/products","wc_store_product","29561","kosher-pie"
"dnagenetics.com","Mac n Me Autoflower Cannabis Seeds","45","https://dnagenetics.com/product/mac-n-me/","","","https://dnagenetics.com/wp-json/wc/store/products","wc_store_product","29592","mac-n-me"
"dnagenetics.com","Miss DNA Auto Cannabis Seeds","79.05","https://dnagenetics.com/product/miss-dna/","","","https://dnagenetics.com/wp-json/wc/store/products","wc_store_product","29568","miss-dna"
"dnagenetics.com","Patrick Swayze Auto Cannabis Seeds","80.18","https://dnagenetics.com/product/patrick-swayze-auto/","","","https://dnagenetics.com/wp-json/wc/store/products","wc_store_product","463","patrick-swayze-auto"
"dnagenetics.com","Recon 2.0 Fem Cannabis Seeds","80.05","https://dnagenetics.com/product/recon-2-0/","","","https://dnagenetics.com/wp-json/wc/store/products","wc_store_product","441","recon-2-0"
"dnagenetics.com","Return of the Mac Auto Cannabis Seeds","80.17","https://dnagenetics.com/product/return-of-the-mac-auto/","","","https://dnagenetics.com/wp-json/wc/store/products","wc_store_product","465","return-of-the-mac-auto"
"dnagenetics.com","RP 43 AKA RICHARD PETTY Fem Cannabis Seeds","45","https://dnagenetics.com/product/rp-43-aka-richard-petty/","","","https://dnagenetics.com/wp-json/wc/store/products","wc_store_product","85","rp-43-aka-richard-petty"
"dnagenetics.com","Seed Vault Membership","420","https://dnagenetics.com/product/seed-vault-membership/","","","https://dnagenetics.com/wp-json/wc/store/products","wc_store_product","1379","seed-vault-membership"
"dnagenetics.com","Skywalker Kush Reg Cannabis Seeds","79.97","https://dnagenetics.com/product/skylwalker-kush-reg/","","","https://dnagenetics.com/wp-json/wc/store/products","wc_store_product","88","skylwalker-kush-reg"
"dnagenetics.com","Skywalker Kush Auto Cannabis Seeds","45","https://dnagenetics.com/product/skywalker-kush-auto/","","","https://dnagenetics.com/wp-json/wc/store/products","wc_store_product","29594","skywalker-kush-auto"
"dnagenetics.com","Skywalker Kush Fem Cannabis Seeds","80.16","https://dnagenetics.com/product/skywalker-kush-fem/","","","https://dnagenetics.com/wp-json/wc/store/products","wc_store_product","445","skywalker-kush-fem"
"dnagenetics.com","Snack Pack Fem Cannabis Seeds","79.05","https://dnagenetics.com/product/snack-pack/","","","https://dnagenetics.com/wp-json/wc/store/products","wc_store_product","29577","snack-pack"
"dnagenetics.com","Strawberry Banana Fem Cannabis Seeds","79.98","https://dnagenetics.com/product/strawberry-banana-s1/","","","https://dnagenetics.com/wp-json/wc/store/products","wc_store_product","381","strawberry-banana-s1"
"dnagenetics.com","Strawberry Sorbet Fem Cannabis Seeds","45","https://dnagenetics.com/product/strawberry-sorbet/","","","https://dnagenetics.com/wp-json/wc/store/products","wc_store_product","29584","strawberry-sorbet"
"dnagenetics.com","Swiss Miss Fem Cannabis Seeds","80.14","https://dnagenetics.com/product/swiss-miss-fem/","","","https://dnagenetics.com/wp-json/wc/store/products","wc_store_product","444","swiss-miss-fem"
"dnagenetics.com","Swiss Miss Reg Cannabis Seeds","80.12","https://dnagenetics.com/product/swiss-miss/","","","https://dnagenetics.com/wp-json/wc/store/products","wc_store_product","29586","swiss-miss"
"dnagenetics.com","Tangie Cannabis Seeds","80.12","https://dnagenetics.com/product/tangie/","","","https://dnagenetics.com/wp-json/wc/store/products","wc_store_product","29588","tangie"
"dnagenetics.com","The Big Mac Auto Cannabis Seeds","80.16","https://dnagenetics.com/product/the-big-mac-auto/","","","https://dnagenetics.com/wp-json/wc/store/products","wc_store_product","446","the-big-mac-auto"
"dnagenetics.com","White Chocolope Fem Cannabis Seeds","45","https://dnagenetics.com/product/white-chocolope/","","","https://dnagenetics.com/wp-json/wc/store/products","wc_store_product","443","white-chocolope"
"dnagenetics.com","White Widow Feminized Cannabis Seeds","79.05","https://dnagenetics.com/product/white-widow-feminized/","","","https://dnagenetics.com/wp-json/wc/store/products","wc_store_product","9302","white-widow-feminized"
"dnagenetics.com","You Whoo Fem Cannabis Seeds","45","https://dnagenetics.com/product/you-whoo-fem/","","","https://dnagenetics.com/wp-json/wc/store/products","wc_store_product","382","you-whoo-fem"
"genehtik.com","Amnesia Bilbo Auto","9","https://www.genehtik.com/producto/amnesia-bilbo-auto/","","","https://genehtik.com/wp-json/wc/store/products","wc_store_product","4832","amnesia-bilbo-auto"
"genehtik.com","Kritikal Bilbo Auto","9","https://www.genehtik.com/producto/kritikal-bilbo-auto/","","","https://genehtik.com/wp-json/wc/store/products","wc_store_product","4830","kritikal-bilbo-auto"
"genehtik.com","PACK 5 semillas AUTO + PACK 3 Novedades AUTO","24","https://www.genehtik.com/producto/pack-5-semillas-autoflorecientes/","","","https://genehtik.com/wp-json/wc/store/products","wc_store_product","42405","pack-5-semillas-autoflorecientes"
"genehtik.com","semillas de marihuana autoflorecientes","9","https://www.genehtik.com/producto/semillas-de-marihuana-autoflorecientes/","","","https://genehtik.com/wp-json/wc/store/products","wc_store_product","26570","semillas-de-marihuana-autoflorecientes"
"genehtik.com","semillas de marihuana","9","https://www.genehtik.com/producto/semillas-de-marihuana/","","","https://genehtik.com/wp-json/wc/store/products","wc_store_product","26512","semillas-de-marihuana"
"genehtik.com","Strawbilbo Banana Auto","9","https://www.genehtik.com/producto/strawbilbo-banana-auto/","","","https://genehtik.com/wp-json/wc/store/products","wc_store_product","23464","strawbilbo-banana-auto"
"genehtik.com","Txerri Bilbo Haze","9","https://www.genehtik.com/producto/txerri-bilbo-haze/","","","https://genehtik.com/wp-json/wc/store/products","wc_store_product","18709","txerri-bilbo-haze"
"hyp3rids.com","ACE OF HAZE","70","https://hyp3rids.com/product/ace-of-haze","","","https://hyp3rids.com/wp-json/wc/store/products","wc_store_product","12775","ace-of-haze"
"hyp3rids.com","BANDIT KUSH","60","https://hyp3rids.com/product/bandit-kush","","","https://hyp3rids.com/wp-json/wc/store/products","wc_store_product","15402","bandit-kush"
"hyp3rids.com","BOUILLON HAZE","60","https://hyp3rids.com/product/bouillon-haze","","","https://hyp3rids.com/wp-json/wc/store/products","wc_store_product","14962","bouillon-haze"
"hyp3rids.com","BOUILLON HAZE | HUNTER PACK","90","https://hyp3rids.com/product/bouillon-haze-hunter-pack","","","https://hyp3rids.com/wp-json/wc/store/products","wc_store_product","16713","bouillon-haze-hunter-pack"
"hyp3rids.com","CBH ‘PURE HAZE’ | HUNTER PACK","90","https://hyp3rids.com/product/cbh-pure-haze-hunter-pack","","","https://hyp3rids.com/wp-json/wc/store/products","wc_store_product","16301","cbh-pure-haze-hunter-pack"
"hyp3rids.com","CUBAN BLOOD HAZE ‘EL SQUATO’ PHENO","60","https://hyp3rids.com/product/cuban-blood-haze-el-squato-pheno","","","https://hyp3rids.com/wp-json/wc/store/products","wc_store_product","15663","cuban-blood-haze-el-squato-pheno"
"hyp3rids.com","CBH ‘PURE HAZE’","60","https://hyp3rids.com/product/cuban-blood-haze-pure-haze-pheno","","","https://hyp3rids.com/wp-json/wc/store/products","wc_store_product","15659","cuban-blood-haze-pure-haze-pheno"
"hyp3rids.com","HEIRLOOM PURPLE AFGHAN KUSH BX1","80","https://hyp3rids.com/product/heirloom-purple-afghan-kush-bx1","","","https://hyp3rids.com/wp-json/wc/store/products","wc_store_product","16831","heirloom-purple-afghan-kush-bx1"
"hyp3rids.com","HEIRLOOM PURPLE AFGHAN KUSH IBL","80","https://hyp3rids.com/product/heirloom-purple-afghan-kush-limited","","","https://hyp3rids.com/wp-json/wc/store/products","wc_store_product","15978","heirloom-purple-afghan-kush-limited"
"hyp3rids.com","LAVA HAZE","60","https://hyp3rids.com/product/lava-haze-hunter-pack","","","https://hyp3rids.com/wp-json/wc/store/products","wc_store_product","15568","lava-haze-hunter-pack"
"hyp3rids.com","LONG ISLAND HAZE","60","https://hyp3rids.com/product/long-island-haze","","","https://hyp3rids.com/wp-json/wc/store/products","wc_store_product","12767","long-island-haze"
"hyp3rids.com","REDWOOD HAZE","60","https://hyp3rids.com/product/redwood-haze","","","https://hyp3rids.com/wp-json/wc/store/products","wc_store_product","14967","redwood-haze"
"kcbrains.com","Space Mango® (Auto-Feminized)","24.5","https://kcbrains.com/shop/cannabis-seeds/auto-flowering/space-mango-auto-fem/","","","https://kcbrains.com/wp-json/wc/store/products","wc_store_product","1233","space-mango-auto-fem"
"kcbrains.com","Afghani Special® Feminized","24.5","https://kcbrains.com/shop/cannabis-seeds/feminized-seeds/afghani-special-feminized/","","","https://kcbrains.com/wp-json/wc/store/products","wc_store_product","517","afghani-special-feminized"
"kcbrains.com","Bahia Black Head Feminized®","24.5","https://kcbrains.com/shop/cannabis-seeds/feminized-seeds/bahai-black-head-feminized/","","","https://kcbrains.com/wp-json/wc/store/products","wc_store_product","509","bahai-black-head-feminized"
"kcbrains.com","Brains Damage Wedding Cake Feminized","24.5","https://kcbrains.com/shop/cannabis-seeds/feminized-seeds/brains-damage-wed-cake-feminized/","","","https://kcbrains.com/wp-json/wc/store/products","wc_store_product","11683","brains-damage-wed-cake-feminized"
"kcbrains.com","Brasil x K.C.® Feminized","24.5","https://kcbrains.com/shop/cannabis-seeds/feminized-seeds/brasil-x-kc-feminized/","","","https://kcbrains.com/wp-json/wc/store/products","wc_store_product","520","brasil-x-kc-feminized"
"kcbrains.com","California Special® Feminized","24.5","https://kcbrains.com/shop/cannabis-seeds/feminized-seeds/california-special-feminized/","","","https://kcbrains.com/wp-json/wc/store/products","wc_store_product","516","california-special-feminized"
"kcbrains.com","Haze Special® (Fem)","24.5","https://kcbrains.com/shop/cannabis-seeds/feminized-seeds/haze-special-feminized/","","","https://kcbrains.com/wp-json/wc/store/products","wc_store_product","514","haze-special-feminized"
"kcbrains.com","K.C. 39® (Fem)","24.5","https://kcbrains.com/shop/cannabis-seeds/feminized-seeds/kc-39-feminized/","","","https://kcbrains.com/wp-json/wc/store/products","wc_store_product","508","kc-39-feminized"
"kcbrains.com","K.C. 42® (Fem)","24.5","https://kcbrains.com/shop/cannabis-seeds/feminized-seeds/kc-42-feminized/","","","https://kcbrains.com/wp-json/wc/store/products","wc_store_product","507","kc-42-feminized"
"kcbrains.com","K.C. 45® (Fem)","24.5","https://kcbrains.com/shop/cannabis-seeds/feminized-seeds/kc-45-feminized/","","","https://kcbrains.com/wp-json/wc/store/products","wc_store_product","450","kc-45-feminized"
"kcbrains.com","Leda Uno® Feminized","24.5","https://kcbrains.com/shop/cannabis-seeds/feminized-seeds/leda-uno-feminized/","","","https://kcbrains.com/wp-json/wc/store/products","wc_store_product","526","leda-uno-feminized"
"kcbrains.com","Mango® Feminized","24.5","https://kcbrains.com/shop/cannabis-seeds/feminized-seeds/mango-feminized/","","","https://kcbrains.com/wp-json/wc/store/products","wc_store_product","11056","mango-feminized"
"kcbrains.com","Spontanica® Feminized","24.5","https://kcbrains.com/shop/cannabis-seeds/feminized-seeds/spontanica-feminized/","","","https://kcbrains.com/wp-json/wc/store/products","wc_store_product","521","spontanica-feminized"
"kcbrains.com","White K.C.® (Fem)","24.5","https://kcbrains.com/shop/cannabis-seeds/feminized-seeds/white-kc-feminized/","","","https://kcbrains.com/wp-json/wc/store/products","wc_store_product","511","white-kc-feminized"
"kcbrains.com","Afghani Special Regular®","9.5","https://kcbrains.com/shop/cannabis-seeds/regular-seeds/afghani-special-regular/","","","https://kcbrains.com/wp-json/wc/store/products","wc_store_product","67","afghani-special-regular"
"kcbrains.com","Bahia Black Head Regular®","9.5","https://kcbrains.com/shop/cannabis-seeds/regular-seeds/bahia-black-head-regular/","","","https://kcbrains.com/wp-json/wc/store/products","wc_store_product","181","bahia-black-head-regular"
"kcbrains.com","Haze Special®","9.5","https://kcbrains.com/shop/cannabis-seeds/regular-seeds/haze-special/","","","https://kcbrains.com/wp-json/wc/store/products","wc_store_product","169","haze-special"
"lasemillaautomatica.com","Lemon Ultra Haze","7","https://lasemillaautomatica.com/tienda/autoflorecientes/lemon-ultra-haze/","","","https://lasemillaautomatica.com/wp-json/wc/store/products","wc_store_product","59",""
"lasemillaautomatica.com","MIX Feminizadas","12","https://lasemillaautomatica.com/tienda/fotodependientes/mix-feminizadas/","","","https://lasemillaautomatica.com/wp-json/wc/store/products","wc_store_product","30",""
"northcoastgenetics.com","1980’s Humboldt Seeds Preservation New York Sour Diesel","50","https://northcoastgenetics.com/product/1980s-humboldt-seeds-preservation-new-york-sour-deisel","","","https://northcoastgenetics.com/wp-json/wc/store/products","wc_store_product","2560","1980s-humboldt-seeds-preservation-new-york-sour-deisel"
"northcoastgenetics.com","BONGI HAZE X WEDDING CAKE","25","https://northcoastgenetics.com/product/bongi-haze-x-wedding-cake","","","https://northcoastgenetics.com/wp-json/wc/store/products","wc_store_product","2420","bongi-haze-x-wedding-cake"
"northcoastgenetics.com","Feminized Road Kill Skunk","50","https://northcoastgenetics.com/product/feminized-road-kill-skunk","","","https://northcoastgenetics.com/wp-json/wc/store/products","wc_store_product","3385","feminized-road-kill-skunk"
"northcoastgenetics.com","Killer Glue Haze","40","https://northcoastgenetics.com/product/killer-glue-haze","","","https://northcoastgenetics.com/wp-json/wc/store/products","wc_store_product","2340","killer-glue-haze"
"northcoastgenetics.com","Molokai Kush","75","https://northcoastgenetics.com/product/molokai-kush","","","https://northcoastgenetics.com/wp-json/wc/store/products","wc_store_product","2227","molokai-kush"
"northcoastgenetics.com","MOLOKAI MOUNTAIN KUSH","50","https://northcoastgenetics.com/product/molokai-mountain-kush","","","https://northcoastgenetics.com/wp-json/wc/store/products","wc_store_product","2430","molokai-mountain-kush"
"northcoastgenetics.com","Moung Xai Thai Landrace Sativa","50","https://northcoastgenetics.com/product/moung-xai-thai-landrace-sativa","","","https://northcoastgenetics.com/wp-json/wc/store/products","wc_store_product","2537","moung-xai-thai-landrace-sativa"
"northcoastgenetics.com","Nevilles Haze #1","50","https://northcoastgenetics.com/product/nevilles-haze-1","","","https://northcoastgenetics.com/wp-json/wc/store/products","wc_store_product","2569","nevilles-haze-1"
"northcoastgenetics.com","NEVILLES HAZE 5 X NEVILLES HAZE 1 (A5)","75","https://northcoastgenetics.com/product/nevilles-haze-5-x-nevilles-haze-1-a5","","","https://northcoastgenetics.com/wp-json/wc/store/products","wc_store_product","2451","nevilles-haze-5-x-nevilles-haze-1-a5"
"northcoastgenetics.com","NorCal Purple Haze","50","https://northcoastgenetics.com/product/norcalpurplehaze","","","https://northcoastgenetics.com/wp-json/wc/store/products","wc_store_product","3358","norcalpurplehaze"
"northcoastgenetics.com","Oregon Red Runtz","50","https://northcoastgenetics.com/product/oregon-red-runtz","","","https://northcoastgenetics.com/wp-json/wc/store/products","wc_store_product","3103","oregon-red-runtz"
"northcoastgenetics.com","PRE-98 BUBBA KUSH","100","https://northcoastgenetics.com/product/pre-98-bubba-kush","","","https://northcoastgenetics.com/wp-json/wc/store/products","wc_store_product","2449","pre-98-bubba-kush"
"northcoastgenetics.com","Purple Kush","50","https://northcoastgenetics.com/product/purple-kush","","","https://northcoastgenetics.com/wp-json/wc/store/products","wc_store_product","2493","purple-kush"
"northcoastgenetics.com","Purple Kush x AK47","50","https://northcoastgenetics.com/product/purple-kush-x-ak47","","","https://northcoastgenetics.com/wp-json/wc/store/products","wc_store_product","2572","purple-kush-x-ak47"
"northcoastgenetics.com","Zamberry – Kaya Seed Company","50","https://northcoastgenetics.com/product/zamberryks","","","https://northcoastgenetics.com/wp-json/wc/store/products","wc_store_product","3303","zamberryks"
"spliffseeds.nl","Afghani Gold Female Cannabis Seeds","27.5","https://www.spliffseeds.nl/product/afghani-gold-female-cannabis-seeds/","","","https://spliffseeds.nl/wp-json/wc/store/products","wc_store_product","111283","afghani-gold-female-cannabis-seeds"
"spliffseeds.nl","AK Automatic Female Cannabis Seeds","27.5","https://www.spliffseeds.nl/product/ak-automatic-female-cannabis-seeds/","","","https://spliffseeds.nl/wp-json/wc/store/products","wc_store_product","111273","ak-automatic-female-cannabis-seeds"
"spliffseeds.nl","AK Female Cannabis Seeds","32.5","https://www.spliffseeds.nl/product/ak-female-cannabis-seeds/","","","https://spliffseeds.nl/wp-json/wc/store/products","wc_store_product","111284","ak-female-cannabis-seeds"
"spliffseeds.nl","AK Regular Cannabis Seeds","17.5","https://www.spliffseeds.nl/product/ak-regular-cannabis-seeds/","","","https://spliffseeds.nl/wp-json/wc/store/products","wc_store_product","111271","ak-regular-cannabis-seeds"
"spliffseeds.nl","Amnesiac Automatic Female Cannabis Seeds","27.5","https://www.spliffseeds.nl/product/amnesiac-automatic-female-cannabis-seeds/","","","https://spliffseeds.nl/wp-json/wc/store/products","wc_store_product","111304","amnesiac-automatic-female-cannabis-seeds"
"spliffseeds.nl","Blue Berry Regular Cannabis Seeds","17.5","https://www.spliffseeds.nl/product/blue-berry-regular-cannabis-seeds/","","","https://spliffseeds.nl/wp-json/wc/store/products","wc_store_product","111270","blue-berry-regular-cannabis-seeds"
"spliffseeds.nl","Blue Dream Female Cannabis Seeds","32.5","https://www.spliffseeds.nl/product/blue-dream-female-cannabis-seeds/","","","https://spliffseeds.nl/wp-json/wc/store/products","wc_store_product","142090","blue-dream-female-cannabis-seeds"
"spliffseeds.nl","Bubblegun Female Cannabis Seeds","32.5","https://www.spliffseeds.nl/product/bubblegun-female-cannabis-seeds/","","","https://spliffseeds.nl/wp-json/wc/store/products","wc_store_product","111288","bubblegun-female-cannabis-seeds"
"spliffseeds.nl","Bubblegun Regular Cannabis Seeds","17.5","https://www.spliffseeds.nl/product/bubblegun-regular-cannabis-seeds/","","","https://spliffseeds.nl/wp-json/wc/store/products","wc_store_product","111303","bubblegun-regular-cannabis-seeds"
"spliffseeds.nl","CBD Spliff Berry Female Cannabis Seeds","32.5","https://www.spliffseeds.nl/product/cbd-spliff-berry-female-cannabis-seeds/","","","https://spliffseeds.nl/wp-json/wc/store/products","wc_store_product","111289","cbd-spliff-berry-female-cannabis-seeds"
"spliffseeds.nl","Crystal White Female Cannabis Seeds","32.5","https://www.spliffseeds.nl/product/crystal-white-female-cannabis-seeds/","","","https://spliffseeds.nl/wp-json/wc/store/products","wc_store_product","111291","crystal-white-female-cannabis-seeds"
"spliffseeds.nl","Gelato Automatic Female Cannabis Seeds","27.5","https://www.spliffseeds.nl/product/gelato-automatic-female-cannabis-seeds/","","","https://spliffseeds.nl/wp-json/wc/store/products","wc_store_product","142099","gelato-automatic-female-cannabis-seeds"
"spliffseeds.nl","Girls Scout Cookies Automatic Female Cannabis Seeds","27.5","https://www.spliffseeds.nl/product/girls-scout-cookies-automatic-female-cannabis-seeds/","","","https://spliffseeds.nl/wp-json/wc/store/products","wc_store_product","111307","girls-scout-cookies-automatic-female-cannabis-seeds"
"spliffseeds.nl","Gold Rush Outdoor Female Cannabis Seeds","36.5","https://www.spliffseeds.nl/product/gold-rush-outdoor-female-cannabis-seeds/","","","https://spliffseeds.nl/wp-json/wc/store/products","wc_store_product","111277","gold-rush-outdoor-female-cannabis-seeds"
"spliffseeds.nl","Gorilla Automatic Female Cannabis Seeds","27.5","https://www.spliffseeds.nl/product/gorilla-automatic-female-cannabis-seeds/","","","https://spliffseeds.nl/wp-json/wc/store/products","wc_store_product","142102","gorilla-automatic-female-cannabis-seeds"
"spliffseeds.nl","Gorilla Female Cannabis Seeds","32.5","https://www.spliffseeds.nl/product/gorilla-female-cannabis-seeds/","","","https://spliffseeds.nl/wp-json/wc/store/products","wc_store_product","142105","gorilla-female-cannabis-seeds"
"spliffseeds.nl","Haze #1 Regular Cannabis Seeds","9.9","https://www.spliffseeds.nl/product/haze-regular-cannabis-seeds/","","","https://spliffseeds.nl/wp-json/wc/store/products","wc_store_product","111269","haze-regular-cannabis-seeds"
"spliffseeds.nl","Jack F1 Regular Cannabis Seeds","17.5","https://www.spliffseeds.nl/product/jack-f1-regular-cannabis-seeds/","","","https://spliffseeds.nl/wp-json/wc/store/products","wc_store_product","111268","jack-f1-regular-cannabis-seeds"
"spliffseeds.nl","Lemon Cream Kush Female Cannabis Seeds","32.5","https://www.spliffseeds.nl/product/lemon-cream-kush-female-cannabis-seeds/","","","https://spliffseeds.nl/wp-json/wc/store/products","wc_store_product","111281","lemon-cream-kush-female-cannabis-seeds"
"spliffseeds.nl","Mega Power Plant Female Cannabis Seeds","32.5","https://www.spliffseeds.nl/product/mega-power-plant-female-cannabis-seeds/","","","https://spliffseeds.nl/wp-json/wc/store/products","wc_store_product","111294","mega-power-plant-female-cannabis-seeds"
"spliffseeds.nl","Mint Runtz Female Cannabis Seeds","32.5","https://www.spliffseeds.nl/product/mint-runtz-female-cannabis-seeds/","","","https://spliffseeds.nl/wp-json/wc/store/products","wc_store_product","142108","mint-runtz-female-cannabis-seeds"
"spliffseeds.nl","Moon Walker Kush Female Cannabis Seeds","32.5","https://www.spliffseeds.nl/product/moon-walker-kush-female-cannabis-seeds/","","","https://spliffseeds.nl/wp-json/wc/store/products","wc_store_product","111295","moon-walker-kush-female-cannabis-seeds"
"spliffseeds.nl","Neville’s Haze Automatic Female Cannabis Seeds","27.5","https://www.spliffseeds.nl/product/nevilles-haze-automatic-female-cannabis-seeds/","","","https://spliffseeds.nl/wp-json/wc/store/products","wc_store_product","142114","nevilles-haze-automatic-female-cannabis-seeds"
"spliffseeds.nl","Neville’s Haze Female Cannabis Seeds","32.5","https://www.spliffseeds.nl/product/nevilles-haze-female-cannabis-seeds/","","","https://spliffseeds.nl/wp-json/wc/store/products","wc_store_product","142117","nevilles-haze-female-cannabis-seeds"
"spliffseeds.nl","Snow White Female Cannabis Seeds","36.5","https://www.spliffseeds.nl/product/snow-white-female-cannabis-seeds/","","","https://spliffseeds.nl/wp-json/wc/store/products","wc_store_product","111297","snow-white-female-cannabis-seeds"
"spliffseeds.nl","Spliff Cheese Automatic Female Cannabis Seeds","24","https://www.spliffseeds.nl/product/spliff-cheese-automatic-female-cannabis-seeds/","","","https://spliffseeds.nl/wp-json/wc/store/products","wc_store_product","111278","spliff-cheese-automatic-female-cannabis-seeds"
"spliffseeds.nl","Spliff Cheese Female Cannabis Seeds","32.5","https://www.spliffseeds.nl/product/spliff-cheese-female-cannabis-seeds/","","","https://spliffseeds.nl/wp-json/wc/store/products","wc_store_product","111298","spliff-cheese-female-cannabis-seeds"
"spliffseeds.nl","Spliff Strawberry Female Cannabis Seeds","36.5","https://www.spliffseeds.nl/product/spliff-s-strawberry-female-cannabis-seeds/","","","https://spliffseeds.nl/wp-json/wc/store/products","wc_store_product","111299","spliff-s-strawberry-female-cannabis-seeds"
"spliffseeds.nl","Sweet ‘n Sour Female Cannabis Seeds","36.5","https://www.spliffseeds.nl/product/sweet-n-sour-indoor-female-cannabis-seeds/","","","https://spliffseeds.nl/wp-json/wc/store/products","wc_store_product","111301","sweet-n-sour-indoor-female-cannabis-seeds"
"spliffseeds.nl","Sweet ‘n Sour Outdoor Female Cannabis Seeds","36.5","https://www.spliffseeds.nl/product/sweet-n-sour-outdoor-female-cannabis-seeds/","","","https://spliffseeds.nl/wp-json/wc/store/products","wc_store_product","111279","sweet-n-sour-outdoor-female-cannabis-seeds"
"spliffseeds.nl","White Widow Automatic Female Cannabis Seeds","27.5","https://www.spliffseeds.nl/product/white-widow-automatic-female-cannabis-seeds/","","","https://spliffseeds.nl/wp-json/wc/store/products","wc_store_product","111280","white-widow-automatic-female-cannabis-seeds"
"spliffseeds.nl","White Widow Regular Cannabis Seeds","17.5","https://www.spliffseeds.nl/product/white-widow-regular-cannabis-seeds/","","","https://spliffseeds.nl/wp-json/wc/store/products","wc_store_product","111263","white-widow-regular-cannabis-seeds"
"spliffseeds.nl","Zkittlez Female Cannabis Seeds","32.5","https://www.spliffseeds.nl/product/zkittlez-female-cannabis-seeds/","","","https://spliffseeds.nl/wp-json/wc/store/products","wc_store_product","111310","zkittlez-female-cannabis-seeds"
"thebulldogseeds.com","TB Gelato Auto","27","https://thebulldogseeds.com/product/tb-gelato-auto/","","","https://thebulldogseeds.com/wp-json/wc/store/products","wc_store_product","1439","tb-gelato-auto"
"thebulldogseeds.com","TB Kush","25","https://thebulldogseeds.com/product/tb-kush/","","","https://thebulldogseeds.com/wp-json/wc/store/products","wc_store_product","1414","tb-kush"
"thebulldogseeds.com","TB Lemon Haze Auto","20","https://thebulldogseeds.com/product/tb-lemon-haze-auto/","","","https://thebulldogseeds.com/wp-json/wc/store/products","wc_store_product","1411","tb-lemon-haze-auto"
"thebulldogseeds.com","TB Skittlez Auto","27","https://thebulldogseeds.com/product/tb-skittlez-auto/","","","https://thebulldogseeds.com/wp-json/wc/store/products","wc_store_product","1415","tb-skittlez-auto"
"visionseeds.nl","(Auto) AK-49","17.5","https://www.visionseeds.nl/product/auto-ak-49/","","","https://visionseeds.nl/wp-json/wc/store/products","wc_store_product","14867","auto-ak-49"
"visionseeds.nl","(Auto) Biscotti","17.5","https://www.visionseeds.nl/product/auto-biscotti/","","","https://visionseeds.nl/wp-json/wc/store/products","wc_store_product","14869","auto-biscotti"
"visionseeds.nl","(Auto) Blueberry Bliss","17.5","https://www.visionseeds.nl/product/auto-blueberry-bliss/","","","https://visionseeds.nl/wp-json/wc/store/products","wc_store_product","14870","auto-blueberry-bliss"
"visionseeds.nl","(Auto) Doctor Jamaica","22.5","https://www.visionseeds.nl/product/auto-doctor-jamaica/","","","https://visionseeds.nl/wp-json/wc/store/products","wc_store_product","14872","auto-doctor-jamaica"
"visionseeds.nl","(Auto) Lowryder","17.5","https://www.visionseeds.nl/product/auto-lowryder/","","","https://visionseeds.nl/wp-json/wc/store/products","wc_store_product","14874","auto-lowryder"
"visionseeds.nl","(Auto) Northern Lights","17.5","https://www.visionseeds.nl/product/auto-northern-lights/","","","https://visionseeds.nl/wp-json/wc/store/products","wc_store_product","14876","auto-northern-lights"
"visionseeds.nl","(Auto) White Widow","17.5","https://www.visionseeds.nl/product/auto-white-widow/","","","https://visionseeds.nl/wp-json/wc/store/products","wc_store_product","14886","auto-white-widow"
"visionseeds.nl","Brainkiller Haze","25","https://www.visionseeds.nl/product/brainkiller-haze-2/","","","https://visionseeds.nl/wp-json/wc/store/products","wc_store_product","14897","brainkiller-haze-2"
"visionseeds.nl","Cereal Milk x OG Kush","22.5","https://www.visionseeds.nl/product/cereal-milk-x-og-kush/","","","https://visionseeds.nl/wp-json/wc/store/products","wc_store_product","14899","cereal-milk-x-og-kush"
"visionseeds.nl","Tom Kush OG","22.5","https://www.visionseeds.nl/product/tom-kush-og-2/","","","https://visionseeds.nl/wp-json/wc/store/products","wc_store_product","14928","tom-kush-og-2"
"visionseeds.nl","Vision Gelato Auto","22.5","https://www.visionseeds.nl/product/vision-gelato-auto/","","","https://visionseeds.nl/wp-json/wc/store/products","wc_store_product","3390","vision-gelato-auto"
"visionseeds.nl","Vision Gorilla Auto","22.5","https://www.visionseeds.nl/product/vision-gorilla-auto/","","","https://visionseeds.nl/wp-json/wc/store/products","wc_store_product","3494","vision-gorilla-auto"
"visionseeds.nl","Vision Kush – AutoFem","17.5","https://www.visionseeds.nl/product/vision-kush-autofem/","","","https://visionseeds.nl/wp-json/wc/store/products","wc_store_product","2139","vision-kush-autofem"
