[
  {
    "title": "Cheapest at aceseeds.org",
    "host": "aceseeds.org",
    "items": [
      {
        "title": "Marruecos Beldia Kif Feminizada",
        "price": 11.0,
        "link": "https://www.aceseeds.org/semillas/marruecos-beldia-kif-semillas-feminizadas/",
        "image": ""
      },
      {
        "title": "Kali China Feminizada",
        "price": 15.0,
        "link": "https://www.aceseeds.org/semillas/kali-china-semillas-feminizadas/",
        "image": ""
      },
      {
        "title": "African Gas Feminizada",
        "price": 15.0,
        "link": "https://www.aceseeds.org/semillas/african-gas-semillas-feminizadas/",
        "image": ""
      },
      {
        "title": "Honduras x Panama Feminizada",
        "price": 15.0,
        "link": "https://www.aceseeds.org/semillas/honduras-x-panama-semillas-feminizadas/",
        "image": ""
      },
      {
        "title": "Haze X Kali China Feminizada",
        "price": 15.0,
        "link": "https://www.aceseeds.org/semillas/hazexkalichina-semillas-feminizadas/",
        "image": ""
      }
    ]
  },
  {
    "title": "Cheapest at blimburnseeds.com",
    "host": "blimburnseeds.com",
    "items": [
      {
        "title": "Gorilla Punch Auto",
        "price": 17.5,
        "link": "https://blimburnseeds.com/gorilla-punch-auto/",
        "image": ""
      },
      {
        "title": "Godfather OG Auto",
        "price": 17.5,
        "link": "https://blimburnseeds.com/godfather-og-auto/",
        "image": ""
      },
      {
        "title": "Red Strawberry Banana Auto",
        "price": 17.5,
        "link": "https://blimburnseeds.com/red-strawberry-banana-auto/",
        "image": ""
      },
      {
        "title": "Forbidden Runtz Auto",
        "price": 17.5,
        "link": "https://blimburnseeds.com/forbidden-runtz-auto/",
        "image": ""
      },
      {
        "title": "Santa Marta Haze Auto",
        "price": 17.5,
        "link": "https://blimburnseeds.com/santa-marta-haze-auto/",
        "image": ""
      }
    ]
  },
  {
    "title": "Cheapest at bulkseedbank.org",
    "host": "bulkseedbank.org",
    "items": [
      {
        "title": "AUTO STRAWBERRY FERRY",
        "price": 17.5,
        "link": "https://bulkseedbank.org/cannabis-seeds/autoflowering-seeds/auto-strawberry-ferry-2/",
        "image": ""
      },
      {
        "title": "AUTO SUNMANGO",
        "price": 17.5,
        "link": "https://bulkseedbank.org/cannabis-seeds/autoflowering-seeds/auto-sunmango-2/",
        "image": ""
      },
      {
        "title": "AUTO SWEET TOOTH",
        "price": 17.5,
        "link": "https://bulkseedbank.org/cannabis-seeds/autoflowering-seeds/auto-sweet-tooth-2/",
        "image": ""
      },
      {
        "title": "AUTO TROPICAL COCONUT",
        "price": 17.5,
        "link": "https://bulkseedbank.org/cannabis-seeds/autoflowering-seeds/auto-tropical-coconut-2/",
        "image": ""
      },
      {
        "title": "AUTO WATERMELON JAM",
        "price": 17.5,
        "link": "https://bulkseedbank.org/cannabis-seeds/autoflowering-seeds/auto-watermelon-jam-2/",
        "image": ""
      }
    ]
  },
  {
    "title": "Cheapest at dnagenetics.com",
    "host": "dnagenetics.com",
    "items": [
      {
        "title": "DNA Auto Mix Pack Cannabis Seeds (Sample)",
        "price": 1.0,
        "link": "https://dnagenetics.com/product/dna-auto-mix-pack-cannabis-seeds-sample/",
        "image": ""
      },
      {
        "title": "DNA Auto Mix Pack Cannabis Seeds",
        "price": 45.0,
        "link": "https://dnagenetics.com/product/dna-auto-mix-pack-cannabis-seeds/",
        "image": ""
      },
      {
        "title": "White Chocolope Fem Cannabis Seeds",
        "price": 45.0,
        "link": "https://dnagenetics.com/product/white-chocolope/",
        "image": ""
      },
      {
        "title": "Skywalker Kush Auto Cannabis Seeds",
        "price": 45.0,
        "link": "https://dnagenetics.com/product/skywalker-kush-auto/",
        "image": ""
      },
      {
        "title": "Mac n Me Autoflower Cannabis Seeds",
        "price": 45.0,
        "link": "https://dnagenetics.com/product/mac-n-me/",
        "image": ""
      }
    ]
  },
  {
    "title": "Cheapest at genehtik.com",
    "host": "genehtik.com",
    "items": [
      {
        "title": "Strawbilbo Banana Auto",
        "price": 9.0,
        "link": "https://www.genehtik.com/producto/strawbilbo-banana-auto/",
        "image": ""
      },
      {
        "title": "semillas de marihuana feminizadas",
        "price": 9.0,
        "link": "https://www.genehtik.com/producto/semillas-de-marihuana-feminizadas/",
        "image": ""
      },
      {
        "title": "Txerri Bilbo Haze",
        "price": 9.0,
        "link": "https://www.genehtik.com/producto/txerri-bilbo-haze/",
        "image": ""
      },
      {
        "title": "Northern Lights Auto",
        "price": 9.0,
        "link": "https://www.genehtik.com/producto/northern-lights-auto/",
        "image": ""
      },
      {
        "title": "Nevil Bilbo Auto",
        "price": 9.0,
        "link": "https://www.genehtik.com/producto/nevil-bilbo-auto/",
        "image": ""
      }
    ]
  },
  {
    "title": "Cheapest at hyp3rids.com",
    "host": "hyp3rids.com",
    "items": [
      {
        "title": "REDWOOD HAZE",
        "price": 60.0,
        "link": "https://hyp3rids.com/product/redwood-haze",
        "image": ""
      },
      {
        "title": "LONG ISLAND HAZE",
        "price": 60.0,
        "link": "https://hyp3rids.com/product/long-island-haze",
        "image": ""
      },
      {
        "title": "CBH ‘PURE HAZE’",
        "price": 60.0,
        "link": "https://hyp3rids.com/product/cuban-blood-haze-pure-haze-pheno",
        "image": ""
      },
      {
        "title": "CUBAN BLOOD HAZE ‘EL SQUATO’ PHENO",
        "price": 60.0,
        "link": "https://hyp3rids.com/product/cuban-blood-haze-el-squato-pheno",
        "image": ""
      },
      {
        "title": "LAVA HAZE",
        "price": 60.0,
        "link": "https://hyp3rids.com/product/lava-haze-hunter-pack",
        "image": ""
      }
    ]
  },
  {
    "title": "Cheapest at kcbrains.com",
    "host": "kcbrains.com",
    "items": [
      {
        "title": "Afghani Special Regular®",
        "price": 9.5,
        "link": "https://kcbrains.com/shop/cannabis-seeds/regular-seeds/afghani-special-regular/",
        "image": ""
      },
      {
        "title": "Bahia Black Head Regular®",
        "price": 9.5,
        "link": "https://kcbrains.com/shop/cannabis-seeds/regular-seeds/bahia-black-head-regular/",
        "image": ""
      },
      {
        "title": "Leda Uno® Regular",
        "price": 9.5,
        "link": "https://kcbrains.com/shop/cannabis-seeds/regular-seeds/leda-uno-regular/",
        "image": ""
      },
      {
        "title": "KC 33® Regular",
        "price": 9.5,
        "link": "https://kcbrains.com/shop/cannabis-seeds/regular-seeds/kc-33-regular/",
        "image": ""
      },
      {
        "title": "K.C. 42® (Fem)",
        "price": 24.5,
        "link": "https://kcbrains.com/shop/cannabis-seeds/feminized-seeds/kc-42-feminized/",
        "image": ""
      }
    ]
  },
  {
    "title": "Cheapest at northcoastgenetics.com",
    "host": "northcoastgenetics.com",
    "items": [
      {
        "title": "BONGI HAZE X WEDDING CAKE",
        "price": 25.0,
        "link": "https://northcoastgenetics.com/product/bongi-haze-x-wedding-cake",
        "image": ""
      },
      {
        "title": "KILLER GLUE HAZE CAKE F2",
        "price": 25.0,
        "link": "https://northcoastgenetics.com/product/killer-glue-haze-cake-f2",
        "image": ""
      },
      {
        "title": "BLACK DOMINA X MOUNG XAI SATIVA",
        "price": 40.0,
        "link": "https://northcoastgenetics.com/product/black-domina-x-moung-xai-sativa",
        "image": ""
      },
      {
        "title": "Burmese Kush",
        "price": 40.0,
        "link": "https://northcoastgenetics.com/product/burmese-kush",
        "image": ""
      },
      {
        "title": "SYRIAN LANDRACE GENETICS/SATIVA HASH PLANT",
        "price": 50.0,
        "link": "https://northcoastgenetics.com/product/syrian-landrace",
        "image": ""
      }
    ]
  },
  {
    "title": "Cheapest at spliffseeds.nl",
    "host": "spliffseeds.nl",
    "items": [
      {
        "title": "Master Kush Regular Cannabis Seeds",
        "price": 9.9,
        "link": "https://www.spliffseeds.nl/product/master-kush-regular-cannabis-seeds/",
        "image": ""
      },
      {
        "title": "Afghan Regular Cannabis Seeds",
        "price": 17.5,
        "link": "https://www.spliffseeds.nl/product/afghan-regular-cannabis-seeds/",
        "image": ""
      },
      {
        "title": "Royal Thai Regular Cannabis Seeds",
        "price": 17.5,
        "link": "https://www.spliffseeds.nl/product/royal-thai-regular-cannabis-seeds/",
        "image": ""
      },
      {
        "title": "AK Regular Cannabis Seeds",
        "price": 17.5,
        "link": "https://www.spliffseeds.nl/product/ak-regular-cannabis-seeds/",
        "image": ""
      },
      {
        "title": "Bubblegun Regular Cannabis Seeds",
        "price": 17.5,
        "link": "https://www.spliffseeds.nl/product/bubblegun-regular-cannabis-seeds/",
        "image": ""
      }
    ]
  },
  {
    "title": "Cheapest at thebulldogseeds.com",
    "host": "thebulldogseeds.com",
    "items": [
      {
        "title": "TB Strawberry Haze Auto",
        "price": 20.0,
        "link": "https://thebulldogseeds.com/product/tb-strawberry-haze-auto/",
        "image": ""
      },
      {
        "title": "TB Kush",
        "price": 25.0,
        "link": "https://thebulldogseeds.com/product/tb-kush/",
        "image": ""
      },
      {
        "title": "TB Purple CBD Auto",
        "price": 27.0,
        "link": "https://thebulldogseeds.com/product/tb-purple-cbd-auto/",
        "image": ""
      },
      {
        "title": "TB Mimosa Cannabis Seeds",
        "price": 29.0,
        "link": "https://thebulldogseeds.com/product/tb-mimosa/",
        "image": ""
      }
    ]
  },
  {
    "title": "Cheapest at visionseeds.nl",
    "host": "visionseeds.nl",
    "items": [
      {
        "title": "Delhi Cheese – AutoFem",
        "price": 15.0,
        "link": "https://www.visionseeds.nl/product/delhi-cheese-autofem/",
        "image": ""
      },
      {
        "title": "Northern Lights – AutoFem",
        "price": 17.5,
        "link": "https://www.visionseeds.nl/product/northern-lights-autofem/",
        "image": ""
      },
      {
        "title": "Vision Jack – AutoFem",
        "price": 17.5,
        "link": "https://www.visionseeds.nl/product/vision-jack-autofem/",
        "image": ""
      },
      {
        "title": "Vision Gorilla Auto",
        "price": 22.5,
        "link": "https://www.visionseeds.nl/product/vision-gorilla-auto/",
        "image": ""
      },
      {
        "title": "Amnesia x Buddha Kush",
        "price": 30.0,
        "link": "https://www.visionseeds.nl/product/amnesia_x_buddha_kush/",
        "image": ""
      }
    ]
  }
]
