[
  {
    "title": "Cheapest at aceseeds.org",
    "host": "aceseeds.org",
    "items": [
      {
        "title": "Auto Malawi x Northern Lights Feminizada",
        "price": 5.4,
        "link": "https://www.aceseeds.org/semillas/auto-malawi-nl-semillas-feminizadas/",
        "image": ""
      },
      {
        "title": "Marruecos Beldia Kif Feminizada",
        "price": 6.6,
        "link": "https://www.aceseeds.org/semillas/marruecos-beldia-kif-semillas-feminizadas/",
        "image": ""
      },
      {
        "title": "Kali China Feminizada",
        "price": 9.0,
        "link": "https://www.aceseeds.org/semillas/kali-china-semillas-feminizadas/",
        "image": ""
      },
      {
        "title": "Haze X Kali China Feminizada",
        "price": 9.0,
        "link": "https://www.aceseeds.org/semillas/hazexkalichina-semillas-feminizadas/",
        "image": ""
      },
      {
        "title": "Oaxaca A5 Haze feminizada",
        "price": 9.0,
        "link": "https://www.aceseeds.org/semillas/oaxaca-x-a5-haze-semillas-feminizadas/",
        "image": ""
      }
    ]
  },
  {
    "title": "Cheapest at blimburnseeds.com",
    "host": "blimburnseeds.com",
    "items": [
      {
        "title": "Red Poison Auto",
        "price": 17.5,
        "link": "https://blimburnseeds.com/red-poison-auto/",
        "image": ""
      },
      {
        "title": "Lemon Tree x Channel Kush",
        "price": 17.5,
        "link": "https://blimburnseeds.com/lemon-tree-x-channel-kush/",
        "image": ""
      },
      {
        "title": "Gorilla Punch Auto",
        "price": 17.5,
        "link": "https://blimburnseeds.com/gorilla-punch-auto/",
        "image": ""
      },
      {
        "title": "Red Strawberry Banana Auto",
        "price": 17.5,
        "link": "https://blimburnseeds.com/red-strawberry-banana-auto/",
        "image": ""
      },
      {
        "title": "Gelato X Purple Punch Auto",
        "price": 17.5,
        "link": "https://blimburnseeds.com/gelato-x-purple-punch-auto/",
        "image": ""
      }
    ]
  },
  {
    "title": "Cheapest at bulkseedbank.org",
    "host": "bulkseedbank.org",
    "items": [
      {
        "title": "AUTO SPECIAL SKUNK",
        "price": 17.5,
        "link": "https://bulkseedbank.org/cannabis-seeds/autoflowering-seeds/auto-special-skunk-2/",
        "image": ""
      },
      {
        "title": "AUTO SUNMANGO",
        "price": 17.5,
        "link": "https://bulkseedbank.org/cannabis-seeds/autoflowering-seeds/auto-sunmango-2/",
        "image": ""
      },
      {
        "title": "AUTO TROPICAL COCONUT",
        "price": 17.5,
        "link": "https://bulkseedbank.org/cannabis-seeds/autoflowering-seeds/auto-tropical-coconut-2/",
        "image": ""
      },
      {
        "title": "AUTO WHITE PRUSSIAN",
        "price": 17.5,
        "link": "https://bulkseedbank.org/cannabis-seeds/autoflowering-seeds/auto-white-prussian-2/",
        "image": ""
      },
      {
        "title": "AUTO WHITE WIDOW",
        "price": 17.5,
        "link": "https://bulkseedbank.org/cannabis-seeds/autoflowering-seeds/auto-white-widow-2/",
        "image": ""
      }
    ]
  },
  {
    "title": "Cheapest at dnagenetics.com",
    "host": "dnagenetics.com",
    "items": [
      {
        "title": "Gelato Sorbet Fem Cannabis Seeds",
        "price": 45.0,
        "link": "https://dnagenetics.com/product/gelato-sorbet/",
        "image": ""
      },
      {
        "title": "You Whoo Fem Cannabis Seeds",
        "price": 45.0,
        "link": "https://dnagenetics.com/product/you-whoo-fem/",
        "image": ""
      },
      {
        "title": "White Chocolope Fem Cannabis Seeds",
        "price": 45.0,
        "link": "https://dnagenetics.com/product/white-chocolope/",
        "image": ""
      },
      {
        "title": "Strawberry Sorbet Fem Cannabis Seeds",
        "price": 45.0,
        "link": "https://dnagenetics.com/product/strawberry-sorbet/",
        "image": ""
      },
      {
        "title": "Skywalker Kush Auto Cannabis Seeds",
        "price": 45.0,
        "link": "https://dnagenetics.com/product/skywalker-kush-auto/",
        "image": ""
      }
    ]
  },
  {
    "title": "Cheapest at genehtik.com",
    "host": "genehtik.com",
    "items": [
      {
        "title": "semillas de marihuana",
        "price": 9.0,
        "link": "https://www.genehtik.com/producto/semillas-de-marihuana/",
        "image": ""
      },
      {
        "title": "Amnesia Bilbo Auto",
        "price": 9.0,
        "link": "https://www.genehtik.com/producto/amnesia-bilbo-auto/",
        "image": ""
      },
      {
        "title": "Kritikal Bilbo Auto",
        "price": 9.0,
        "link": "https://www.genehtik.com/producto/kritikal-bilbo-auto/",
        "image": ""
      },
      {
        "title": "Txerri Bilbo Haze",
        "price": 9.0,
        "link": "https://www.genehtik.com/producto/txerri-bilbo-haze/",
        "image": ""
      },
      {
        "title": "semillas de marihuana autoflorecientes",
        "price": 9.0,
        "link": "https://www.genehtik.com/producto/semillas-de-marihuana-autoflorecientes/",
        "image": ""
      }
    ]
  },
  {
    "title": "Cheapest at hyp3rids.com",
    "host": "hyp3rids.com",
    "items": [
      {
        "title": "BANDIT KUSH",
        "price": 60.0,
        "link": "https://hyp3rids.com/product/bandit-kush",
        "image": ""
      },
      {
        "title": "BOUILLON HAZE",
        "price": 60.0,
        "link": "https://hyp3rids.com/product/bouillon-haze",
        "image": ""
      },
      {
        "title": "CUBAN BLOOD HAZE ‘EL SQUATO’ PHENO",
        "price": 60.0,
        "link": "https://hyp3rids.com/product/cuban-blood-haze-el-squato-pheno",
        "image": ""
      },
      {
        "title": "CBH ‘PURE HAZE’",
        "price": 60.0,
        "link": "https://hyp3rids.com/product/cuban-blood-haze-pure-haze-pheno",
        "image": ""
      },
      {
        "title": "LAVA HAZE",
        "price": 60.0,
        "link": "https://hyp3rids.com/product/lava-haze-hunter-pack",
        "image": ""
      }
    ]
  },
  {
    "title": "Cheapest at kcbrains.com",
    "host": "kcbrains.com",
    "items": [
      {
        "title": "Afghani Special Regular®",
        "price": 9.5,
        "link": "https://kcbrains.com/shop/cannabis-seeds/regular-seeds/afghani-special-regular/",
        "image": ""
      },
      {
        "title": "Bahia Black Head Regular®",
        "price": 9.5,
        "link": "https://kcbrains.com/shop/cannabis-seeds/regular-seeds/bahia-black-head-regular/",
        "image": ""
      },
      {
        "title": "Haze Special®",
        "price": 9.5,
        "link": "https://kcbrains.com/shop/cannabis-seeds/regular-seeds/haze-special/",
        "image": ""
      },
      {
        "title": "Brains Damage Wedding Cake Feminized",
        "price": 24.5,
        "link": "https://kcbrains.com/shop/cannabis-seeds/feminized-seeds/brains-damage-wed-cake-feminized/",
        "image": ""
      },
      {
        "title": "Brasil x K.C.® Feminized",
        "price": 24.5,
        "link": "https://kcbrains.com/shop/cannabis-seeds/feminized-seeds/brasil-x-kc-feminized/",
        "image": ""
      }
    ]
  },
  {
    "title": "Cheapest at lasemillaautomatica.com",
    "host": "lasemillaautomatica.com",
    "items": [
      {
        "title": "Lemon Ultra Haze",
        "price": 7.0,
        "link": "https://lasemillaautomatica.com/tienda/autoflorecientes/lemon-ultra-haze/",
        "image": ""
      },
      {
        "title": "MIX Feminizadas",
        "price": 12.0,
        "link": "https://lasemillaautomatica.com/tienda/fotodependientes/mix-feminizadas/",
        "image": ""
      }
    ]
  },
  {
    "title": "Cheapest at northcoastgenetics.com",
    "host": "northcoastgenetics.com",
    "items": [
      {
        "title": "BONGI HAZE X WEDDING CAKE",
        "price": 25.0,
        "link": "https://northcoastgenetics.com/product/bongi-haze-x-wedding-cake",
        "image": ""
      },
      {
        "title": "Killer Glue Haze",
        "price": 40.0,
        "link": "https://northcoastgenetics.com/product/killer-glue-haze",
        "image": ""
      },
      {
        "title": "1980’s Humboldt Seeds Preservation New York Sour Diesel",
        "price": 50.0,
        "link": "https://northcoastgenetics.com/product/1980s-humboldt-seeds-preservation-new-york-sour-deisel",
        "image": ""
      },
      {
        "title": "Feminized Road Kill Skunk",
        "price": 50.0,
        "link": "https://northcoastgenetics.com/product/feminized-road-kill-skunk",
        "image": ""
      },
      {
        "title": "MOLOKAI MOUNTAIN KUSH",
        "price": 50.0,
        "link": "https://northcoastgenetics.com/product/molokai-mountain-kush",
        "image": ""
      }
    ]
  },
  {
    "title": "Cheapest at spliffseeds.nl",
    "host": "spliffseeds.nl",
    "items": [
      {
        "title": "Haze #1 Regular Cannabis Seeds",
        "price": 9.9,
        "link": "https://www.spliffseeds.nl/product/haze-regular-cannabis-seeds/",
        "image": ""
      },
      {
        "title": "White Widow Regular Cannabis Seeds",
        "price": 17.5,
        "link": "https://www.spliffseeds.nl/product/white-widow-regular-cannabis-seeds/",
        "image": ""
      },
      {
        "title": "AK Regular Cannabis Seeds",
        "price": 17.5,
        "link": "https://www.spliffseeds.nl/product/ak-regular-cannabis-seeds/",
        "image": ""
      },
      {
        "title": "Blue Berry Regular Cannabis Seeds",
        "price": 17.5,
        "link": "https://www.spliffseeds.nl/product/blue-berry-regular-cannabis-seeds/",
        "image": ""
      },
      {
        "title": "Bubblegun Regular Cannabis Seeds",
        "price": 17.5,
        "link": "https://www.spliffseeds.nl/product/bubblegun-regular-cannabis-seeds/",
        "image": ""
      }
    ]
  },
  {
    "title": "Cheapest at thebulldogseeds.com",
    "host": "thebulldogseeds.com",
    "items": [
      {
        "title": "TB Lemon Haze Auto",
        "price": 20.0,
        "link": "https://thebulldogseeds.com/product/tb-lemon-haze-auto/",
        "image": ""
      },
      {
        "title": "TB Kush",
        "price": 25.0,
        "link": "https://thebulldogseeds.com/product/tb-kush/",
        "image": ""
      },
      {
        "title": "TB Gelato Auto",
        "price": 27.0,
        "link": "https://thebulldogseeds.com/product/tb-gelato-auto/",
        "image": ""
      },
      {
        "title": "TB Skittlez Auto",
        "price": 27.0,
        "link": "https://thebulldogseeds.com/product/tb-skittlez-auto/",
        "image": ""
      }
    ]
  },
  {
    "title": "Cheapest at visionseeds.nl",
    "host": "visionseeds.nl",
    "items": [
      {
        "title": "(Auto) White Widow",
        "price": 17.5,
        "link": "https://www.visionseeds.nl/product/auto-white-widow/",
        "image": ""
      },
      {
        "title": "(Auto) Northern Lights",
        "price": 17.5,
        "link": "https://www.visionseeds.nl/product/auto-northern-lights/",
        "image": ""
      },
      {
        "title": "(Auto) Lowryder",
        "price": 17.5,
        "link": "https://www.visionseeds.nl/product/auto-lowryder/",
        "image": ""
      },
      {
        "title": "(Auto) Blueberry Bliss",
        "price": 17.5,
        "link": "https://www.visionseeds.nl/product/auto-blueberry-bliss/",
        "image": ""
      },
      {
        "title": "(Auto) Biscotti",
        "price": 17.5,
        "link": "https://www.visionseeds.nl/product/auto-biscotti/",
        "image": ""
      }
    ]
  }
]
