[
  {
    "title": "Cheapest at aceseeds.org",
    "host": "aceseeds.org",
    "items": [
      {
        "title": "Auto Zamaldelica Feminizada",
        "price": 11.0,
        "link": "https://www.aceseeds.org/semillas/auto-zamaldelica-semillas-feminizadas/",
        "image": ""
      },
      {
        "title": "Marruecos Beldia Kif Feminizada",
        "price": 11.0,
        "link": "https://www.aceseeds.org/semillas/marruecos-beldia-kif-semillas-feminizadas/",
        "image": ""
      },
      {
        "title": "Zamaldelica Feminizada",
        "price": 15.0,
        "link": "https://www.aceseeds.org/semillas/zamaldelica-semillas-feminizadas/",
        "image": ""
      },
      {
        "title": "Panama Feminizada",
        "price": 15.0,
        "link": "https://www.aceseeds.org/semillas/panama-semillas-feminizadas/",
        "image": ""
      },
      {
        "title": "Haze X Kali China Feminizada",
        "price": 15.0,
        "link": "https://www.aceseeds.org/semillas/hazexkalichina-semillas-feminizadas/",
        "image": ""
      }
    ]
  },
  {
    "title": "Cheapest at blimburnseeds.com",
    "host": "blimburnseeds.com",
    "items": [
      {
        "title": "Godfather OG Auto",
        "price": 17.5,
        "link": "https://blimburnseeds.com/godfather-og-auto/",
        "image": ""
      },
      {
        "title": "Zkittlez x Gorilla Autoflower",
        "price": 17.5,
        "link": "https://blimburnseeds.com/zkittlez-x-gorilla-autoflower/",
        "image": ""
      },
      {
        "title": "Whiskey Zulu Autoflower",
        "price": 17.5,
        "link": "https://blimburnseeds.com/whiskey-zulu-auto/",
        "image": ""
      },
      {
        "title": "Cream Caramel Auto",
        "price": 17.5,
        "link": "https://blimburnseeds.com/cream-caramel-auto/",
        "image": ""
      },
      {
        "title": "Forbidden Fruit Auto",
        "price": 17.5,
        "link": "https://blimburnseeds.com/forbidden-fruit-auto/",
        "image": ""
      }
    ]
  },
  {
    "title": "Cheapest at bulkseedbank.org",
    "host": "bulkseedbank.org",
    "items": [
      {
        "title": "AUTO PURPLE GLAM KUSH",
        "price": 17.5,
        "link": "https://bulkseedbank.org/cannabis-seeds/autoflowering-seeds/auto-purple-glam-kush-2/",
        "image": ""
      },
      {
        "title": "AUTO RUNTZ GLUNTZ",
        "price": 17.5,
        "link": "https://bulkseedbank.org/cannabis-seeds/autoflowering-seeds/auto-runtz-gluntz-2/",
        "image": ""
      },
      {
        "title": "AUTO SPECIAL SKUNK",
        "price": 17.5,
        "link": "https://bulkseedbank.org/cannabis-seeds/autoflowering-seeds/auto-special-skunk-2/",
        "image": ""
      },
      {
        "title": "AUTO WHITE PRUSSIAN",
        "price": 17.5,
        "link": "https://bulkseedbank.org/cannabis-seeds/autoflowering-seeds/auto-white-prussian-2/",
        "image": ""
      },
      {
        "title": "AUTO WILD DWARF",
        "price": 17.5,
        "link": "https://bulkseedbank.org/cannabis-seeds/autoflowering-seeds/auto-wild-dwarf-2/",
        "image": ""
      }
    ]
  },
  {
    "title": "Cheapest at dnagenetics.com",
    "host": "dnagenetics.com",
    "items": [
      {
        "title": "Chocolope 256 Fem Cannabis Seeds",
        "price": 45.0,
        "link": "https://dnagenetics.com/product/chocolope-256-fem/",
        "image": ""
      },
      {
        "title": "Honey Banana S1 Cannabis Seeds",
        "price": 45.0,
        "link": "https://dnagenetics.com/product/honey-banana-s1/",
        "image": ""
      },
      {
        "title": "GMO Kosher Fem Cannabis Seeds",
        "price": 45.0,
        "link": "https://dnagenetics.com/product/gmo-kosher/",
        "image": ""
      },
      {
        "title": "RP 43 AKA RICHARD PETTY Fem Cannabis Seeds",
        "price": 45.0,
        "link": "https://dnagenetics.com/product/rp-43-aka-richard-petty/",
        "image": ""
      },
      {
        "title": "DNA Cake Auto Cannabis Seeds",
        "price": 45.0,
        "link": "https://dnagenetics.com/product/dna-cake-auto/",
        "image": ""
      }
    ]
  },
  {
    "title": "Cheapest at genehtik.com",
    "host": "genehtik.com",
    "items": [
      {
        "title": "Amnesia Bilbo Auto",
        "price": 9.0,
        "link": "https://www.genehtik.com/producto/amnesia-bilbo-auto/",
        "image": ""
      },
      {
        "title": "Nevil Bilbo Auto",
        "price": 9.0,
        "link": "https://www.genehtik.com/producto/nevil-bilbo-auto/",
        "image": ""
      },
      {
        "title": "semillas de cannabis autoflorecientes",
        "price": 9.0,
        "link": "https://www.genehtik.com/producto/semillas-de-cannabis-autoflorecientes/",
        "image": ""
      },
      {
        "title": "semillas de cannabis feminizadas",
        "price": 9.0,
        "link": "https://www.genehtik.com/producto/semillas-de-cannabis-feminizadas/",
        "image": ""
      },
      {
        "title": "semillas de marihuana",
        "price": 9.0,
        "link": "https://www.genehtik.com/producto/semillas-de-marihuana/",
        "image": ""
      }
    ]
  },
  {
    "title": "Cheapest at hyp3rids.com",
    "host": "hyp3rids.com",
    "items": [
      {
        "title": "CBH ‘PURE HAZE’",
        "price": 60.0,
        "link": "https://hyp3rids.com/product/cuban-blood-haze-pure-haze-pheno",
        "image": ""
      },
      {
        "title": "CUBAN BLOOD HAZE ‘EL SQUATO’ PHENO",
        "price": 60.0,
        "link": "https://hyp3rids.com/product/cuban-blood-haze-el-squato-pheno",
        "image": ""
      },
      {
        "title": "LONG ISLAND HAZE",
        "price": 60.0,
        "link": "https://hyp3rids.com/product/long-island-haze",
        "image": ""
      },
      {
        "title": "REDWOOD HAZE",
        "price": 60.0,
        "link": "https://hyp3rids.com/product/redwood-haze",
        "image": ""
      },
      {
        "title": "BANDIT KUSH",
        "price": 60.0,
        "link": "https://hyp3rids.com/product/bandit-kush",
        "image": ""
      }
    ]
  },
  {
    "title": "Cheapest at kcbrains.com",
    "host": "kcbrains.com",
    "items": [
      {
        "title": "KC 33® Regular",
        "price": 9.5,
        "link": "https://kcbrains.com/shop/cannabis-seeds/regular-seeds/kc-33-regular/",
        "image": ""
      },
      {
        "title": "Haze Special®",
        "price": 9.5,
        "link": "https://kcbrains.com/shop/cannabis-seeds/regular-seeds/haze-special/",
        "image": ""
      },
      {
        "title": "Swiss-xT® Feminized",
        "price": 24.5,
        "link": "https://kcbrains.com/shop/cannabis-seeds/feminized-seeds/swiss-xt-feminized/",
        "image": ""
      },
      {
        "title": "Spontanica® Feminized",
        "price": 24.5,
        "link": "https://kcbrains.com/shop/cannabis-seeds/feminized-seeds/spontanica-feminized/",
        "image": ""
      },
      {
        "title": "Mind Bender® (Fem)",
        "price": 24.5,
        "link": "https://kcbrains.com/shop/cannabis-seeds/feminized-seeds/mind-bender-feminized/",
        "image": ""
      }
    ]
  },
  {
    "title": "Cheapest at northcoastgenetics.com",
    "host": "northcoastgenetics.com",
    "items": [
      {
        "title": "Burmese Kush x Blue Ice",
        "price": 25.0,
        "link": "https://northcoastgenetics.com/product/burmese-kush-x-blue-ice",
        "image": ""
      },
      {
        "title": "KROEG KRAWIA X MOLOKAI KUSH",
        "price": 40.0,
        "link": "https://northcoastgenetics.com/product/kroeg-krawia-x-molokai-kush",
        "image": ""
      },
      {
        "title": "BLACK DOMINA X MOUNG XAI SATIVA",
        "price": 40.0,
        "link": "https://northcoastgenetics.com/product/black-domina-x-moung-xai-sativa",
        "image": ""
      },
      {
        "title": "Burmese Kush",
        "price": 40.0,
        "link": "https://northcoastgenetics.com/product/burmese-kush",
        "image": ""
      },
      {
        "title": "Oregon Blue Dream",
        "price": 50.0,
        "link": "https://northcoastgenetics.com/product/oregonbluedream",
        "image": ""
      }
    ]
  },
  {
    "title": "Cheapest at spliffseeds.nl",
    "host": "spliffseeds.nl",
    "items": [
      {
        "title": "Master Kush Regular Cannabis Seeds",
        "price": 9.9,
        "link": "https://www.spliffseeds.nl/product/master-kush-regular-cannabis-seeds/",
        "image": ""
      },
      {
        "title": "Haze #1 Regular Cannabis Seeds",
        "price": 9.9,
        "link": "https://www.spliffseeds.nl/product/haze-regular-cannabis-seeds/",
        "image": ""
      },
      {
        "title": "Afghan Regular Cannabis Seeds",
        "price": 17.5,
        "link": "https://www.spliffseeds.nl/product/afghan-regular-cannabis-seeds/",
        "image": ""
      },
      {
        "title": "Blue Berry Regular Cannabis Seeds",
        "price": 17.5,
        "link": "https://www.spliffseeds.nl/product/blue-berry-regular-cannabis-seeds/",
        "image": ""
      },
      {
        "title": "Super Skunk Regular Cannabis Seeds",
        "price": 17.5,
        "link": "https://www.spliffseeds.nl/product/super-skunk-regular-cannabis-seeds/",
        "image": ""
      }
    ]
  },
  {
    "title": "Cheapest at thebulldogseeds.com",
    "host": "thebulldogseeds.com",
    "items": [
      {
        "title": "TB Lemon Haze Auto",
        "price": 20.0,
        "link": "https://thebulldogseeds.com/product/tb-lemon-haze-auto/",
        "image": ""
      },
      {
        "title": "TB Strawberry Haze Auto",
        "price": 20.0,
        "link": "https://thebulldogseeds.com/product/tb-strawberry-haze-auto/",
        "image": ""
      },
      {
        "title": "TB Kush",
        "price": 25.0,
        "link": "https://thebulldogseeds.com/product/tb-kush/",
        "image": ""
      },
      {
        "title": "TB Skittlez Auto",
        "price": 27.0,
        "link": "https://thebulldogseeds.com/product/tb-skittlez-auto/",
        "image": ""
      },
      {
        "title": "TB Gorilla Auto",
        "price": 27.0,
        "link": "https://thebulldogseeds.com/product/tb-gorilla-auto/",
        "image": ""
      }
    ]
  },
  {
    "title": "Cheapest at visionseeds.nl",
    "host": "visionseeds.nl",
    "items": [
      {
        "title": "Northern Lights – AutoFem",
        "price": 17.5,
        "link": "https://www.visionseeds.nl/product/northern-lights-autofem/",
        "image": ""
      },
      {
        "title": "Vision Jack – AutoFem",
        "price": 17.5,
        "link": "https://www.visionseeds.nl/product/vision-jack-autofem/",
        "image": ""
      },
      {
        "title": "La Blanca Gold AutoFem",
        "price": 17.5,
        "link": "https://www.visionseeds.nl/product/la-blanca-gold-autofem/",
        "image": ""
      },
      {
        "title": "Vision Kush – AutoFem",
        "price": 17.5,
        "link": "https://www.visionseeds.nl/product/vision-kush-autofem/",
        "image": ""
      },
      {
        "title": "AK-49 – AutoFem",
        "price": 17.5,
        "link": "https://www.visionseeds.nl/product/ak-49-autofem/",
        "image": ""
      }
    ]
  }
]
